INSERT INTO public.customer_entity (id_customer, email, name, phone_number, rut, state) VALUES (1, 'juan.perez@gmail.com', 'Juan Pérez González', '+56912345678', '12345678-9', 'ACTIVE');
INSERT INTO public.customer_entity (id_customer, email, name, phone_number, rut, state) VALUES (2, 'maria.fernandez@gmail.com', 'María Fernández Soto', '+56923456789', '23456789-1', 'ACTIVE');
INSERT INTO public.customer_entity (id_customer, email, name, phone_number, rut, state) VALUES (3, 'carlos.munoz@gmail.com', 'Carlos Muñoz Rojas', '+56934567890', '34567890-2', 'ACTIVE');
INSERT INTO public.customer_entity (id_customer, email, name, phone_number, rut, state) VALUES (4, 'daniela.torres@gmail.com', 'Daniela Torres Díaz', '+56945678901', '45678901-3', 'ACTIVE');
INSERT INTO public.customer_entity (id_customer, email, name, phone_number, rut, state) VALUES (5, 'felipe.morales@gmail.com', 'Felipe Morales Castro', '+56956789012', '56789012-4', 'ACTIVE');
INSERT INTO public.customer_entity (id_customer, email, name, phone_number, rut, state) VALUES (6, 'camila.herrera@gmail.com', 'Camila Herrera López', '+56967890123', '67890123-5', 'ACTIVE');
INSERT INTO public.customer_entity (id_customer, email, name, phone_number, rut, state) VALUES (7, 'sebastian.vargas@gmail.com', 'Sebastián Vargas Silva', '+56978901234', '78901234-6', 'ACTIVE');
INSERT INTO public.customer_entity (id_customer, email, name, phone_number, rut, state) VALUES (8, 'javiera.castillo@gmail.com', 'Javiera Castillo Reyes', '+56989012345', '89012345-7', 'ACTIVE');
INSERT INTO public.customer_entity (id_customer, email, name, phone_number, rut, state) VALUES (9, 'rodrigo.contreras@gmail.com', 'Rodrigo Contreras Fuentes', '+56990123456', '90123456-8', 'ACTIVE');
INSERT INTO public.customer_entity (id_customer, email, name, phone_number, rut, state) VALUES (10, 'antonia.ramirez@gmail.com', 'Antonia Ramírez Araya', '+56911223344', '11223344-9', 'ACTIVE');
INSERT INTO public.customer_entity (id_customer, email, name, phone_number, rut, state) VALUES (11, 'diego.paredes@gmail.com', 'Diego Paredes Núñez', '+56922334455', '22334455-0', 'ACTIVE');
INSERT INTO public.customer_entity (id_customer, email, name, phone_number, rut, state) VALUES (12, 'valentina.vega@gmail.com', 'Valentina Vega Morales', '+56933445566', '33445566-1', 'ACTIVE');
INSERT INTO public.customer_entity (id_customer, email, name, phone_number, rut, state) VALUES (13, 'matias.salinas@gmail.com', 'Matías Salinas Ríos', '+56944556677', '44556677-2', 'ACTIVE');
INSERT INTO public.customer_entity (id_customer, email, name, phone_number, rut, state) VALUES (14, 'francisca.leon@gmail.com', 'Francisca León Campos', '+56955667788', '55667788-3', 'ACTIVE');
INSERT INTO public.customer_entity (id_customer, email, name, phone_number, rut, state) VALUES (15, 'benjamin.navarro@gmail.com', 'Benjamín Navarro Pinto', '+56966778899', '66778899-4', 'ACTIVE');
INSERT INTO public.customer_entity (id_customer, email, name, phone_number, rut, state) VALUES (16, 'catalina.aguilar@gmail.com', 'Catalina Aguilar Soto', '+56977889900', '77889900-5', 'ACTIVE');
INSERT INTO public.customer_entity (id_customer, email, name, phone_number, rut, state) VALUES (17, 'nicolas.medina@gmail.com', 'Nicolás Medina Ortiz', '+56988990011', '88990011-6', 'ACTIVE');
INSERT INTO public.customer_entity (id_customer, email, name, phone_number, rut, state) VALUES (18, 'sofia.romero@gmail.com', 'Sofía Romero Godoy', '+56999001122', '99001122-7', 'ACTIVE');
INSERT INTO public.customer_entity (id_customer, email, name, phone_number, rut, state) VALUES (19, 'tomas.figueroa@gmail.com', 'Tomás Figueroa Espinoza', '+56910111213', '10111213-8', 'ACTIVE');
INSERT INTO public.customer_entity (id_customer, email, name, phone_number, rut, state) VALUES (20, 'isidora.bravo@gmail.com', 'Isidora Bravo Maldonado', '+56912131415', '12131415-9', 'ACTIVE');
INSERT INTO public.customer_entity (id_customer, email, name, phone_number, rut, state) VALUES (21, 'cristobal.garrido@gmail.com', 'Cristóbal Garrido Pino', '+56913141516', '13141516-0', 'ACTIVE');
INSERT INTO public.customer_entity (id_customer, email, name, phone_number, rut, state) VALUES (22, 'martina.sepulveda@gmail.com', 'Martina Sepúlveda Jara', '+56914151617', '14151617-1', 'ACTIVE');
INSERT INTO public.customer_entity (id_customer, email, name, phone_number, rut, state) VALUES (23, 'vicente.cardenas@gmail.com', 'Vicente Cárdenas Peña', '+56915161718', '15161718-2', 'ACTIVE');
INSERT INTO public.customer_entity (id_customer, email, name, phone_number, rut, state) VALUES (24, 'emilia.alarcon@gmail.com', 'Emilia Alarcón Moya', '+56916171819', '16171819-3', 'ACTIVE');
INSERT INTO public.customer_entity (id_customer, email, name, phone_number, rut, state) VALUES (25, 'alonso.fuentes@gmail.com', 'Alonso Fuentes Díaz', '+56917181920', '17181920-4', 'ACTIVE');
INSERT INTO public.customer_entity (id_customer, email, name, phone_number, rut, state) VALUES (26, 'florencia.salazar@gmail.com', 'Florencia Salazar Vega', '+56918192021', '18192021-5', 'ACTIVE');
INSERT INTO public.customer_entity (id_customer, email, name, phone_number, rut, state) VALUES (27, 'agustin.rojas@gmail.com', 'Agustín Rojas Herrera', '+56919202122', '19202122-6', 'ACTIVE');
INSERT INTO public.customer_entity (id_customer, email, name, phone_number, rut, state) VALUES (28, 'amanda.soto@gmail.com', 'Amanda Soto Navarro', '+56920212223', '20212223-7', 'ACTIVE');
INSERT INTO public.customer_entity (id_customer, email, name, phone_number, rut, state) VALUES (29, 'maximiliano.tapia@gmail.com', 'Maximiliano Tapia López', '+56921222324', '21222324-8', 'ACTIVE');
INSERT INTO public.customer_entity (id_customer, email, name, phone_number, rut, state) VALUES (30, 'ignacia.delgado@gmail.com', 'Ignacia Delgado Reyes', '+56922232425', '22232425-9', 'ACTIVE');
INSERT INTO public.customer_entity (id_customer, email, name, phone_number, rut, state) VALUES (31, 'renato.espinoza@gmail.com', 'Renato Espinoza Campos', '+56923242526', '23242526-0', 'ACTIVE');
INSERT INTO public.customer_entity (id_customer, email, name, phone_number, rut, state) VALUES (32, 'fernanda.molina@gmail.com', 'Fernanda Molina Ríos', '+56924252627', '24252627-1', 'ACTIVE');
INSERT INTO public.customer_entity (id_customer, email, name, phone_number, rut, state) VALUES (33, 'pablo.valdes@gmail.com', 'Pablo Valdés Soto', '+56925262728', '25262728-2', 'ACTIVE');
INSERT INTO public.customer_entity (id_customer, email, name, phone_number, rut, state) VALUES (34, 'constanza.cabrera@gmail.com', 'Constanza Cabrera Silva', '+56926272829', '26272829-3', 'ACTIVE');
INSERT INTO public.customer_entity (id_customer, email, name, phone_number, rut, state) VALUES (35, 'joaquin.sandoval@gmail.com', 'Joaquín Sandoval Muñoz', '+56927282930', '27282930-4', 'ACTIVE');
INSERT INTO public.customer_entity (id_customer, email, name, phone_number, rut, state) VALUES (36, 'trinidad.araya@gmail.com', 'Trinidad Araya Torres', '+56928293031', '28293031-5', 'ACTIVE');
INSERT INTO public.customer_entity (id_customer, email, name, phone_number, rut, state) VALUES (37, 'esteban.cortes@gmail.com', 'Esteban Cortés Morales', '+56929303132', '29303132-6', 'ACTIVE');
INSERT INTO public.customer_entity (id_customer, email, name, phone_number, rut, state) VALUES (38, 'belen.pena@gmail.com', 'Belén Peña Vargas', '+56930313233', '30313233-7', 'ACTIVE');
INSERT INTO public.customer_entity (id_customer, email, name, phone_number, rut, state) VALUES (39, 'lucas.mendez@gmail.com', 'Lucas Méndez Castillo', '+56931323334', '31323334-8', 'ACTIVE');
INSERT INTO public.customer_entity (id_customer, email, name, phone_number, rut, state) VALUES (40, 'paula.godoy@gmail.com', 'Paula Godoy Herrera', '+56932333435', '32333435-9', 'ACTIVE');
INSERT INTO public.customer_entity (id_customer, email, name, phone_number, rut, state) VALUES (41, 'alvaro.nunez@gmail.com', 'Álvaro Núñez Rojas', '+56933343536', '33343536-0', 'ACTIVE');
INSERT INTO public.customer_entity (id_customer, email, name, phone_number, rut, state) VALUES (42, 'daniela.soto@gmail.com', 'Daniela Soto Fuentes', '+56934353637', '34353637-1', 'ACTIVE');
INSERT INTO public.customer_entity (id_customer, email, name, phone_number, rut, state) VALUES (43, 'martin.leon@gmail.com', 'Martín León Díaz', '+56935363738', '35363738-2', 'ACTIVE');
INSERT INTO public.customer_entity (id_customer, email, name, phone_number, rut, state) VALUES (44, 'antonia.pino@gmail.com', 'Antonia Pino Morales', '+56936373839', '36373839-3', 'ACTIVE');
INSERT INTO public.customer_entity (id_customer, email, name, phone_number, rut, state) VALUES (45, 'diego.herrera@gmail.com', 'Diego Herrera Campos', '+56937383940', '37383940-4', 'ACTIVE');
INSERT INTO public.customer_entity (id_customer, email, name, phone_number, rut, state) VALUES (46, 'sofia.navarro@gmail.com', 'Sofía Navarro Ríos', '+56938394041', '38394041-5', 'ACTIVE');
INSERT INTO public.customer_entity (id_customer, email, name, phone_number, rut, state) VALUES (47, 'benjamin.torres@gmail.com', 'Benjamín Torres Vega', '+56939404142', '39404142-6', 'ACTIVE');
INSERT INTO public.customer_entity (id_customer, email, name, phone_number, rut, state) VALUES (48, 'valentina.reyes@gmail.com', 'Valentina Reyes Soto', '+56940414243', '40414243-7', 'ACTIVE');
INSERT INTO public.customer_entity (id_customer, email, name, phone_number, rut, state) VALUES (49, 'matias.fuentes@gmail.com', 'Matías Fuentes Araya', '+56941424344', '41424344-8', 'ACTIVE');
INSERT INTO public.customer_entity (id_customer, email, name, phone_number, rut, state) VALUES (50, 'camila.cardenas@gmail.com', 'Camila Cárdenas Silva', '+56942434445', '42434445-9', 'ACTIVE');




INSERT INTO public.type_tool_entity (daily_rate, debt_rate, replacement_value, stock, id_type_tool, category, name) VALUES (12000, 5000, 85000, 7, 1, 'Eléctrica', 'Taladro Percutor');
INSERT INTO public.kardex_entity (quantity, date, id_kardex, loan_id, user_id, type_move) VALUES (7, '2024-03-03 09:40:25.967563', 1, NULL, NULL, 'TOOL_REGISTER');
INSERT INTO public.tool_entity (id_tool, type_tool_id_type_tool, state) VALUES (1, 1, 'AVAILABLE');
INSERT INTO public.kardex_detail_entity (id_kardex, id_kardex_detail, id_tool) VALUES (1, 1, 1);
INSERT INTO public.tool_entity (id_tool, type_tool_id_type_tool, state) VALUES (2, 1, 'AVAILABLE');
INSERT INTO public.kardex_detail_entity (id_kardex, id_kardex_detail, id_tool) VALUES (1, 2, 2);
INSERT INTO public.tool_entity (id_tool, type_tool_id_type_tool, state) VALUES (3, 1, 'AVAILABLE');
INSERT INTO public.kardex_detail_entity (id_kardex, id_kardex_detail, id_tool) VALUES (1, 3, 3);
INSERT INTO public.tool_entity (id_tool, type_tool_id_type_tool, state) VALUES (4, 1, 'AVAILABLE');
INSERT INTO public.kardex_detail_entity (id_kardex, id_kardex_detail, id_tool) VALUES (1, 4, 4);
INSERT INTO public.tool_entity (id_tool, type_tool_id_type_tool, state) VALUES (5, 1, 'AVAILABLE');
INSERT INTO public.kardex_detail_entity (id_kardex, id_kardex_detail, id_tool) VALUES (1, 5, 5);
INSERT INTO public.tool_entity (id_tool, type_tool_id_type_tool, state) VALUES (6, 1, 'AVAILABLE');
INSERT INTO public.kardex_detail_entity (id_kardex, id_kardex_detail, id_tool) VALUES (1, 6, 6);
INSERT INTO public.tool_entity (id_tool, type_tool_id_type_tool, state) VALUES (7, 1, 'AVAILABLE');
INSERT INTO public.kardex_detail_entity (id_kardex, id_kardex_detail, id_tool) VALUES (1, 7, 7);
INSERT INTO public.type_tool_entity (daily_rate, debt_rate, replacement_value, stock, id_type_tool, category, name) VALUES (15000, 6000, 95000, 7, 2, 'Eléctrica', 'Esmeril Angular');
INSERT INTO public.kardex_entity (quantity, date, id_kardex, loan_id, user_id, type_move) VALUES (7, '2024-03-03 09:40:25.967601', 2, NULL, NULL, 'TOOL_REGISTER');
INSERT INTO public.tool_entity (id_tool, type_tool_id_type_tool, state) VALUES (8, 2, 'AVAILABLE');
INSERT INTO public.kardex_detail_entity (id_kardex, id_kardex_detail, id_tool) VALUES (2, 8, 8);
INSERT INTO public.tool_entity (id_tool, type_tool_id_type_tool, state) VALUES (9, 2, 'AVAILABLE');
INSERT INTO public.kardex_detail_entity (id_kardex, id_kardex_detail, id_tool) VALUES (2, 9, 9);
INSERT INTO public.tool_entity (id_tool, type_tool_id_type_tool, state) VALUES (10, 2, 'AVAILABLE');
INSERT INTO public.kardex_detail_entity (id_kardex, id_kardex_detail, id_tool) VALUES (2, 10, 10);
INSERT INTO public.tool_entity (id_tool, type_tool_id_type_tool, state) VALUES (11, 2, 'AVAILABLE');
INSERT INTO public.kardex_detail_entity (id_kardex, id_kardex_detail, id_tool) VALUES (2, 11, 11);
INSERT INTO public.tool_entity (id_tool, type_tool_id_type_tool, state) VALUES (12, 2, 'AVAILABLE');
INSERT INTO public.kardex_detail_entity (id_kardex, id_kardex_detail, id_tool) VALUES (2, 12, 12);
INSERT INTO public.tool_entity (id_tool, type_tool_id_type_tool, state) VALUES (13, 2, 'AVAILABLE');
INSERT INTO public.kardex_detail_entity (id_kardex, id_kardex_detail, id_tool) VALUES (2, 13, 13);
INSERT INTO public.tool_entity (id_tool, type_tool_id_type_tool, state) VALUES (14, 2, 'AVAILABLE');
INSERT INTO public.kardex_detail_entity (id_kardex, id_kardex_detail, id_tool) VALUES (2, 14, 14);
INSERT INTO public.type_tool_entity (daily_rate, debt_rate, replacement_value, stock, id_type_tool, category, name) VALUES (25000, 10000, 180000, 0, 3, 'Eléctrica', 'Sierra Circular');
INSERT INTO public.kardex_entity (quantity, date, id_kardex, loan_id, user_id, type_move) VALUES (0, '2024-03-03 09:40:25.967627', 3, NULL, NULL, 'TOOL_REGISTER');
INSERT INTO public.type_tool_entity (daily_rate, debt_rate, replacement_value, stock, id_type_tool, category, name) VALUES (30000, 12000, 220000, 6, 4, 'Eléctrica', 'Rotomartillo');
INSERT INTO public.kardex_entity (quantity, date, id_kardex, loan_id, user_id, type_move) VALUES (6, '2024-03-03 09:40:25.967633', 4, NULL, NULL, 'TOOL_REGISTER');
INSERT INTO public.tool_entity (id_tool, type_tool_id_type_tool, state) VALUES (15, 4, 'AVAILABLE');
INSERT INTO public.kardex_detail_entity (id_kardex, id_kardex_detail, id_tool) VALUES (4, 15, 15);
INSERT INTO public.tool_entity (id_tool, type_tool_id_type_tool, state) VALUES (16, 4, 'AVAILABLE');
INSERT INTO public.kardex_detail_entity (id_kardex, id_kardex_detail, id_tool) VALUES (4, 16, 16);
INSERT INTO public.tool_entity (id_tool, type_tool_id_type_tool, state) VALUES (17, 4, 'AVAILABLE');
INSERT INTO public.kardex_detail_entity (id_kardex, id_kardex_detail, id_tool) VALUES (4, 17, 17);
INSERT INTO public.tool_entity (id_tool, type_tool_id_type_tool, state) VALUES (18, 4, 'AVAILABLE');
INSERT INTO public.kardex_detail_entity (id_kardex, id_kardex_detail, id_tool) VALUES (4, 18, 18);
INSERT INTO public.tool_entity (id_tool, type_tool_id_type_tool, state) VALUES (19, 4, 'AVAILABLE');
INSERT INTO public.kardex_detail_entity (id_kardex, id_kardex_detail, id_tool) VALUES (4, 19, 19);
INSERT INTO public.tool_entity (id_tool, type_tool_id_type_tool, state) VALUES (20, 4, 'AVAILABLE');
INSERT INTO public.kardex_detail_entity (id_kardex, id_kardex_detail, id_tool) VALUES (4, 20, 20);
INSERT INTO public.type_tool_entity (daily_rate, debt_rate, replacement_value, stock, id_type_tool, category, name) VALUES (10000, 4000, 60000, 8, 5, 'Eléctrica', 'Lijadora Orbital');
INSERT INTO public.kardex_entity (quantity, date, id_kardex, loan_id, user_id, type_move) VALUES (8, '2024-03-03 09:40:25.967643', 5, NULL, NULL, 'TOOL_REGISTER');
INSERT INTO public.tool_entity (id_tool, type_tool_id_type_tool, state) VALUES (21, 5, 'AVAILABLE');
INSERT INTO public.kardex_detail_entity (id_kardex, id_kardex_detail, id_tool) VALUES (5, 21, 21);
INSERT INTO public.tool_entity (id_tool, type_tool_id_type_tool, state) VALUES (22, 5, 'AVAILABLE');
INSERT INTO public.kardex_detail_entity (id_kardex, id_kardex_detail, id_tool) VALUES (5, 22, 22);
INSERT INTO public.tool_entity (id_tool, type_tool_id_type_tool, state) VALUES (23, 5, 'AVAILABLE');
INSERT INTO public.kardex_detail_entity (id_kardex, id_kardex_detail, id_tool) VALUES (5, 23, 23);
INSERT INTO public.tool_entity (id_tool, type_tool_id_type_tool, state) VALUES (24, 5, 'AVAILABLE');
INSERT INTO public.kardex_detail_entity (id_kardex, id_kardex_detail, id_tool) VALUES (5, 24, 24);
INSERT INTO public.tool_entity (id_tool, type_tool_id_type_tool, state) VALUES (25, 5, 'AVAILABLE');
INSERT INTO public.kardex_detail_entity (id_kardex, id_kardex_detail, id_tool) VALUES (5, 25, 25);
INSERT INTO public.tool_entity (id_tool, type_tool_id_type_tool, state) VALUES (26, 5, 'AVAILABLE');
INSERT INTO public.kardex_detail_entity (id_kardex, id_kardex_detail, id_tool) VALUES (5, 26, 26);
INSERT INTO public.tool_entity (id_tool, type_tool_id_type_tool, state) VALUES (27, 5, 'AVAILABLE');
INSERT INTO public.kardex_detail_entity (id_kardex, id_kardex_detail, id_tool) VALUES (5, 27, 27);
INSERT INTO public.tool_entity (id_tool, type_tool_id_type_tool, state) VALUES (28, 5, 'AVAILABLE');
INSERT INTO public.kardex_detail_entity (id_kardex, id_kardex_detail, id_tool) VALUES (5, 28, 28);
INSERT INTO public.type_tool_entity (daily_rate, debt_rate, replacement_value, stock, id_type_tool, category, name) VALUES (60000, 25000, 450000, 7, 6, 'Maquinaria', 'Generador Eléctrico');
INSERT INTO public.kardex_entity (quantity, date, id_kardex, loan_id, user_id, type_move) VALUES (7, '2024-03-03 09:40:25.967655', 6, NULL, NULL, 'TOOL_REGISTER');
INSERT INTO public.tool_entity (id_tool, type_tool_id_type_tool, state) VALUES (29, 6, 'AVAILABLE');
INSERT INTO public.kardex_detail_entity (id_kardex, id_kardex_detail, id_tool) VALUES (6, 29, 29);
INSERT INTO public.tool_entity (id_tool, type_tool_id_type_tool, state) VALUES (30, 6, 'AVAILABLE');
INSERT INTO public.kardex_detail_entity (id_kardex, id_kardex_detail, id_tool) VALUES (6, 30, 30);
INSERT INTO public.tool_entity (id_tool, type_tool_id_type_tool, state) VALUES (31, 6, 'AVAILABLE');
INSERT INTO public.kardex_detail_entity (id_kardex, id_kardex_detail, id_tool) VALUES (6, 31, 31);
INSERT INTO public.tool_entity (id_tool, type_tool_id_type_tool, state) VALUES (32, 6, 'AVAILABLE');
INSERT INTO public.kardex_detail_entity (id_kardex, id_kardex_detail, id_tool) VALUES (6, 32, 32);
INSERT INTO public.tool_entity (id_tool, type_tool_id_type_tool, state) VALUES (33, 6, 'AVAILABLE');
INSERT INTO public.kardex_detail_entity (id_kardex, id_kardex_detail, id_tool) VALUES (6, 33, 33);
INSERT INTO public.tool_entity (id_tool, type_tool_id_type_tool, state) VALUES (34, 6, 'AVAILABLE');
INSERT INTO public.kardex_detail_entity (id_kardex, id_kardex_detail, id_tool) VALUES (6, 34, 34);
INSERT INTO public.tool_entity (id_tool, type_tool_id_type_tool, state) VALUES (35, 6, 'AVAILABLE');
INSERT INTO public.kardex_detail_entity (id_kardex, id_kardex_detail, id_tool) VALUES (6, 35, 35);
INSERT INTO public.type_tool_entity (daily_rate, debt_rate, replacement_value, stock, id_type_tool, category, name) VALUES (45000, 18000, 320000, 6, 7, 'Maquinaria', 'Compresor de Aire');
INSERT INTO public.kardex_entity (quantity, date, id_kardex, loan_id, user_id, type_move) VALUES (6, '2024-03-03 09:40:25.967667', 7, NULL, NULL, 'TOOL_REGISTER');
INSERT INTO public.tool_entity (id_tool, type_tool_id_type_tool, state) VALUES (36, 7, 'AVAILABLE');
INSERT INTO public.kardex_detail_entity (id_kardex, id_kardex_detail, id_tool) VALUES (7, 36, 36);
INSERT INTO public.tool_entity (id_tool, type_tool_id_type_tool, state) VALUES (37, 7, 'AVAILABLE');
INSERT INTO public.kardex_detail_entity (id_kardex, id_kardex_detail, id_tool) VALUES (7, 37, 37);
INSERT INTO public.tool_entity (id_tool, type_tool_id_type_tool, state) VALUES (38, 7, 'AVAILABLE');
INSERT INTO public.kardex_detail_entity (id_kardex, id_kardex_detail, id_tool) VALUES (7, 38, 38);
INSERT INTO public.tool_entity (id_tool, type_tool_id_type_tool, state) VALUES (39, 7, 'AVAILABLE');
INSERT INTO public.kardex_detail_entity (id_kardex, id_kardex_detail, id_tool) VALUES (7, 39, 39);
INSERT INTO public.tool_entity (id_tool, type_tool_id_type_tool, state) VALUES (40, 7, 'AVAILABLE');
INSERT INTO public.kardex_detail_entity (id_kardex, id_kardex_detail, id_tool) VALUES (7, 40, 40);
INSERT INTO public.tool_entity (id_tool, type_tool_id_type_tool, state) VALUES (41, 7, 'AVAILABLE');
INSERT INTO public.kardex_detail_entity (id_kardex, id_kardex_detail, id_tool) VALUES (7, 41, 41);
INSERT INTO public.type_tool_entity (daily_rate, debt_rate, replacement_value, stock, id_type_tool, category, name) VALUES (75000, 30000, 550000, 7, 8, 'Maquinaria', 'Betonera');
INSERT INTO public.kardex_entity (quantity, date, id_kardex, loan_id, user_id, type_move) VALUES (7, '2024-03-03 09:40:25.967676', 8, NULL, NULL, 'TOOL_REGISTER');
INSERT INTO public.tool_entity (id_tool, type_tool_id_type_tool, state) VALUES (42, 8, 'AVAILABLE');
INSERT INTO public.kardex_detail_entity (id_kardex, id_kardex_detail, id_tool) VALUES (8, 42, 42);
INSERT INTO public.tool_entity (id_tool, type_tool_id_type_tool, state) VALUES (43, 8, 'AVAILABLE');
INSERT INTO public.kardex_detail_entity (id_kardex, id_kardex_detail, id_tool) VALUES (8, 43, 43);
INSERT INTO public.tool_entity (id_tool, type_tool_id_type_tool, state) VALUES (44, 8, 'AVAILABLE');
INSERT INTO public.kardex_detail_entity (id_kardex, id_kardex_detail, id_tool) VALUES (8, 44, 44);
INSERT INTO public.tool_entity (id_tool, type_tool_id_type_tool, state) VALUES (45, 8, 'AVAILABLE');
INSERT INTO public.kardex_detail_entity (id_kardex, id_kardex_detail, id_tool) VALUES (8, 45, 45);
INSERT INTO public.tool_entity (id_tool, type_tool_id_type_tool, state) VALUES (46, 8, 'AVAILABLE');
INSERT INTO public.kardex_detail_entity (id_kardex, id_kardex_detail, id_tool) VALUES (8, 46, 46);
INSERT INTO public.tool_entity (id_tool, type_tool_id_type_tool, state) VALUES (47, 8, 'AVAILABLE');
INSERT INTO public.kardex_detail_entity (id_kardex, id_kardex_detail, id_tool) VALUES (8, 47, 47);
INSERT INTO public.tool_entity (id_tool, type_tool_id_type_tool, state) VALUES (48, 8, 'AVAILABLE');
INSERT INTO public.kardex_detail_entity (id_kardex, id_kardex_detail, id_tool) VALUES (8, 48, 48);
INSERT INTO public.type_tool_entity (daily_rate, debt_rate, replacement_value, stock, id_type_tool, category, name) VALUES (55000, 22000, 400000, 6, 9, 'Eléctrica', 'Martillo Demoledor');
INSERT INTO public.kardex_entity (quantity, date, id_kardex, loan_id, user_id, type_move) VALUES (6, '2024-03-03 09:40:25.967690', 9, NULL, NULL, 'TOOL_REGISTER');
INSERT INTO public.tool_entity (id_tool, type_tool_id_type_tool, state) VALUES (49, 9, 'AVAILABLE');
INSERT INTO public.kardex_detail_entity (id_kardex, id_kardex_detail, id_tool) VALUES (9, 49, 49);
INSERT INTO public.tool_entity (id_tool, type_tool_id_type_tool, state) VALUES (50, 9, 'AVAILABLE');
INSERT INTO public.kardex_detail_entity (id_kardex, id_kardex_detail, id_tool) VALUES (9, 50, 50);
INSERT INTO public.tool_entity (id_tool, type_tool_id_type_tool, state) VALUES (51, 9, 'AVAILABLE');
INSERT INTO public.kardex_detail_entity (id_kardex, id_kardex_detail, id_tool) VALUES (9, 51, 51);
INSERT INTO public.tool_entity (id_tool, type_tool_id_type_tool, state) VALUES (52, 9, 'AVAILABLE');
INSERT INTO public.kardex_detail_entity (id_kardex, id_kardex_detail, id_tool) VALUES (9, 52, 52);
INSERT INTO public.tool_entity (id_tool, type_tool_id_type_tool, state) VALUES (53, 9, 'AVAILABLE');
INSERT INTO public.kardex_detail_entity (id_kardex, id_kardex_detail, id_tool) VALUES (9, 53, 53);
INSERT INTO public.tool_entity (id_tool, type_tool_id_type_tool, state) VALUES (54, 9, 'AVAILABLE');
INSERT INTO public.kardex_detail_entity (id_kardex, id_kardex_detail, id_tool) VALUES (9, 54, 54);
INSERT INTO public.type_tool_entity (daily_rate, debt_rate, replacement_value, stock, id_type_tool, category, name) VALUES (35000, 14000, 250000, 7, 10, 'Limpieza', 'Hidrolavadora');
INSERT INTO public.kardex_entity (quantity, date, id_kardex, loan_id, user_id, type_move) VALUES (7, '2024-03-03 09:40:25.967699', 10, NULL, NULL, 'TOOL_REGISTER');
INSERT INTO public.tool_entity (id_tool, type_tool_id_type_tool, state) VALUES (55, 10, 'AVAILABLE');
INSERT INTO public.kardex_detail_entity (id_kardex, id_kardex_detail, id_tool) VALUES (10, 55, 55);
INSERT INTO public.tool_entity (id_tool, type_tool_id_type_tool, state) VALUES (56, 10, 'AVAILABLE');
INSERT INTO public.kardex_detail_entity (id_kardex, id_kardex_detail, id_tool) VALUES (10, 56, 56);
INSERT INTO public.tool_entity (id_tool, type_tool_id_type_tool, state) VALUES (57, 10, 'AVAILABLE');
INSERT INTO public.kardex_detail_entity (id_kardex, id_kardex_detail, id_tool) VALUES (10, 57, 57);
INSERT INTO public.tool_entity (id_tool, type_tool_id_type_tool, state) VALUES (58, 10, 'AVAILABLE');
INSERT INTO public.kardex_detail_entity (id_kardex, id_kardex_detail, id_tool) VALUES (10, 58, 58);
INSERT INTO public.tool_entity (id_tool, type_tool_id_type_tool, state) VALUES (59, 10, 'AVAILABLE');
INSERT INTO public.kardex_detail_entity (id_kardex, id_kardex_detail, id_tool) VALUES (10, 59, 59);
INSERT INTO public.tool_entity (id_tool, type_tool_id_type_tool, state) VALUES (60, 10, 'AVAILABLE');
INSERT INTO public.kardex_detail_entity (id_kardex, id_kardex_detail, id_tool) VALUES (10, 60, 60);
INSERT INTO public.tool_entity (id_tool, type_tool_id_type_tool, state) VALUES (61, 10, 'AVAILABLE');
INSERT INTO public.kardex_detail_entity (id_kardex, id_kardex_detail, id_tool) VALUES (10, 61, 61);
INSERT INTO public.type_tool_entity (daily_rate, debt_rate, replacement_value, stock, id_type_tool, category, name) VALUES (18000, 7000, 120000, 5, 11, 'Manual', 'Escalera Extensible');
INSERT INTO public.kardex_entity (quantity, date, id_kardex, loan_id, user_id, type_move) VALUES (5, '2024-03-03 09:40:25.967710', 11, NULL, NULL, 'TOOL_REGISTER');
INSERT INTO public.tool_entity (id_tool, type_tool_id_type_tool, state) VALUES (62, 11, 'AVAILABLE');
INSERT INTO public.kardex_detail_entity (id_kardex, id_kardex_detail, id_tool) VALUES (11, 62, 62);
INSERT INTO public.tool_entity (id_tool, type_tool_id_type_tool, state) VALUES (63, 11, 'AVAILABLE');
INSERT INTO public.kardex_detail_entity (id_kardex, id_kardex_detail, id_tool) VALUES (11, 63, 63);
INSERT INTO public.tool_entity (id_tool, type_tool_id_type_tool, state) VALUES (64, 11, 'AVAILABLE');
INSERT INTO public.kardex_detail_entity (id_kardex, id_kardex_detail, id_tool) VALUES (11, 64, 64);
INSERT INTO public.tool_entity (id_tool, type_tool_id_type_tool, state) VALUES (65, 11, 'AVAILABLE');
INSERT INTO public.kardex_detail_entity (id_kardex, id_kardex_detail, id_tool) VALUES (11, 65, 65);
INSERT INTO public.tool_entity (id_tool, type_tool_id_type_tool, state) VALUES (66, 11, 'AVAILABLE');
INSERT INTO public.kardex_detail_entity (id_kardex, id_kardex_detail, id_tool) VALUES (11, 66, 66);
INSERT INTO public.type_tool_entity (daily_rate, debt_rate, replacement_value, stock, id_type_tool, category, name) VALUES (40000, 16000, 300000, 5, 12, 'Eléctrica', 'Soldadora Inverter');
INSERT INTO public.kardex_entity (quantity, date, id_kardex, loan_id, user_id, type_move) VALUES (5, '2024-03-03 09:40:25.967718', 12, NULL, NULL, 'TOOL_REGISTER');
INSERT INTO public.tool_entity (id_tool, type_tool_id_type_tool, state) VALUES (67, 12, 'AVAILABLE');
INSERT INTO public.kardex_detail_entity (id_kardex, id_kardex_detail, id_tool) VALUES (12, 67, 67);
INSERT INTO public.tool_entity (id_tool, type_tool_id_type_tool, state) VALUES (68, 12, 'AVAILABLE');
INSERT INTO public.kardex_detail_entity (id_kardex, id_kardex_detail, id_tool) VALUES (12, 68, 68);
INSERT INTO public.tool_entity (id_tool, type_tool_id_type_tool, state) VALUES (69, 12, 'AVAILABLE');
INSERT INTO public.kardex_detail_entity (id_kardex, id_kardex_detail, id_tool) VALUES (12, 69, 69);
INSERT INTO public.tool_entity (id_tool, type_tool_id_type_tool, state) VALUES (70, 12, 'AVAILABLE');
INSERT INTO public.kardex_detail_entity (id_kardex, id_kardex_detail, id_tool) VALUES (12, 70, 70);
INSERT INTO public.tool_entity (id_tool, type_tool_id_type_tool, state) VALUES (71, 12, 'AVAILABLE');
INSERT INTO public.kardex_detail_entity (id_kardex, id_kardex_detail, id_tool) VALUES (12, 71, 71);
INSERT INTO public.type_tool_entity (daily_rate, debt_rate, replacement_value, stock, id_type_tool, category, name) VALUES (20000, 8000, 140000, 6, 13, 'Eléctrica', 'Taladro Inalámbrico');
INSERT INTO public.kardex_entity (quantity, date, id_kardex, loan_id, user_id, type_move) VALUES (6, '2024-03-03 09:40:25.967728', 13, NULL, NULL, 'TOOL_REGISTER');
INSERT INTO public.tool_entity (id_tool, type_tool_id_type_tool, state) VALUES (72, 13, 'AVAILABLE');
INSERT INTO public.kardex_detail_entity (id_kardex, id_kardex_detail, id_tool) VALUES (13, 72, 72);
INSERT INTO public.tool_entity (id_tool, type_tool_id_type_tool, state) VALUES (73, 13, 'AVAILABLE');
INSERT INTO public.kardex_detail_entity (id_kardex, id_kardex_detail, id_tool) VALUES (13, 73, 73);
INSERT INTO public.tool_entity (id_tool, type_tool_id_type_tool, state) VALUES (74, 13, 'AVAILABLE');
INSERT INTO public.kardex_detail_entity (id_kardex, id_kardex_detail, id_tool) VALUES (13, 74, 74);
INSERT INTO public.tool_entity (id_tool, type_tool_id_type_tool, state) VALUES (75, 13, 'AVAILABLE');
INSERT INTO public.kardex_detail_entity (id_kardex, id_kardex_detail, id_tool) VALUES (13, 75, 75);
INSERT INTO public.tool_entity (id_tool, type_tool_id_type_tool, state) VALUES (76, 13, 'AVAILABLE');
INSERT INTO public.kardex_detail_entity (id_kardex, id_kardex_detail, id_tool) VALUES (13, 76, 76);
INSERT INTO public.tool_entity (id_tool, type_tool_id_type_tool, state) VALUES (77, 13, 'AVAILABLE');
INSERT INTO public.kardex_detail_entity (id_kardex, id_kardex_detail, id_tool) VALUES (13, 77, 77);
INSERT INTO public.type_tool_entity (daily_rate, debt_rate, replacement_value, stock, id_type_tool, category, name) VALUES (28000, 11000, 200000, 5, 14, 'Jardinería', 'Cortadora de Pasto');
INSERT INTO public.kardex_entity (quantity, date, id_kardex, loan_id, user_id, type_move) VALUES (5, '2024-03-03 09:40:25.967738', 14, NULL, NULL, 'TOOL_REGISTER');
INSERT INTO public.tool_entity (id_tool, type_tool_id_type_tool, state) VALUES (78, 14, 'AVAILABLE');
INSERT INTO public.kardex_detail_entity (id_kardex, id_kardex_detail, id_tool) VALUES (14, 78, 78);
INSERT INTO public.tool_entity (id_tool, type_tool_id_type_tool, state) VALUES (79, 14, 'AVAILABLE');
INSERT INTO public.kardex_detail_entity (id_kardex, id_kardex_detail, id_tool) VALUES (14, 79, 79);
INSERT INTO public.tool_entity (id_tool, type_tool_id_type_tool, state) VALUES (80, 14, 'AVAILABLE');
INSERT INTO public.kardex_detail_entity (id_kardex, id_kardex_detail, id_tool) VALUES (14, 80, 80);
INSERT INTO public.tool_entity (id_tool, type_tool_id_type_tool, state) VALUES (81, 14, 'AVAILABLE');
INSERT INTO public.kardex_detail_entity (id_kardex, id_kardex_detail, id_tool) VALUES (14, 81, 81);
INSERT INTO public.tool_entity (id_tool, type_tool_id_type_tool, state) VALUES (82, 14, 'AVAILABLE');
INSERT INTO public.kardex_detail_entity (id_kardex, id_kardex_detail, id_tool) VALUES (14, 82, 82);
INSERT INTO public.type_tool_entity (daily_rate, debt_rate, replacement_value, stock, id_type_tool, category, name) VALUES (30000, 12000, 220000, 8, 15, 'Jardinería', 'Desbrozadora');
INSERT INTO public.kardex_entity (quantity, date, id_kardex, loan_id, user_id, type_move) VALUES (8, '2024-03-03 09:40:25.967746', 15, NULL, NULL, 'TOOL_REGISTER');
INSERT INTO public.tool_entity (id_tool, type_tool_id_type_tool, state) VALUES (83, 15, 'AVAILABLE');
INSERT INTO public.kardex_detail_entity (id_kardex, id_kardex_detail, id_tool) VALUES (15, 83, 83);
INSERT INTO public.tool_entity (id_tool, type_tool_id_type_tool, state) VALUES (84, 15, 'AVAILABLE');
INSERT INTO public.kardex_detail_entity (id_kardex, id_kardex_detail, id_tool) VALUES (15, 84, 84);
INSERT INTO public.tool_entity (id_tool, type_tool_id_type_tool, state) VALUES (85, 15, 'AVAILABLE');
INSERT INTO public.kardex_detail_entity (id_kardex, id_kardex_detail, id_tool) VALUES (15, 85, 85);
INSERT INTO public.tool_entity (id_tool, type_tool_id_type_tool, state) VALUES (86, 15, 'AVAILABLE');
INSERT INTO public.kardex_detail_entity (id_kardex, id_kardex_detail, id_tool) VALUES (15, 86, 86);
INSERT INTO public.tool_entity (id_tool, type_tool_id_type_tool, state) VALUES (87, 15, 'AVAILABLE');
INSERT INTO public.kardex_detail_entity (id_kardex, id_kardex_detail, id_tool) VALUES (15, 87, 87);
INSERT INTO public.tool_entity (id_tool, type_tool_id_type_tool, state) VALUES (88, 15, 'AVAILABLE');
INSERT INTO public.kardex_detail_entity (id_kardex, id_kardex_detail, id_tool) VALUES (15, 88, 88);
INSERT INTO public.tool_entity (id_tool, type_tool_id_type_tool, state) VALUES (89, 15, 'AVAILABLE');
INSERT INTO public.kardex_detail_entity (id_kardex, id_kardex_detail, id_tool) VALUES (15, 89, 89);
INSERT INTO public.tool_entity (id_tool, type_tool_id_type_tool, state) VALUES (90, 15, 'AVAILABLE');
INSERT INTO public.kardex_detail_entity (id_kardex, id_kardex_detail, id_tool) VALUES (15, 90, 90);
INSERT INTO public.type_tool_entity (daily_rate, debt_rate, replacement_value, stock, id_type_tool, category, name) VALUES (15000, 6000, 90000, 6, 16, 'Eléctrica', 'Sierra Caladora');
INSERT INTO public.kardex_entity (quantity, date, id_kardex, loan_id, user_id, type_move) VALUES (6, '2024-03-03 09:40:25.967757', 16, NULL, NULL, 'TOOL_REGISTER');
INSERT INTO public.tool_entity (id_tool, type_tool_id_type_tool, state) VALUES (91, 16, 'AVAILABLE');
INSERT INTO public.kardex_detail_entity (id_kardex, id_kardex_detail, id_tool) VALUES (16, 91, 91);
INSERT INTO public.tool_entity (id_tool, type_tool_id_type_tool, state) VALUES (92, 16, 'AVAILABLE');
INSERT INTO public.kardex_detail_entity (id_kardex, id_kardex_detail, id_tool) VALUES (16, 92, 92);
INSERT INTO public.tool_entity (id_tool, type_tool_id_type_tool, state) VALUES (93, 16, 'AVAILABLE');
INSERT INTO public.kardex_detail_entity (id_kardex, id_kardex_detail, id_tool) VALUES (16, 93, 93);
INSERT INTO public.tool_entity (id_tool, type_tool_id_type_tool, state) VALUES (94, 16, 'AVAILABLE');
INSERT INTO public.kardex_detail_entity (id_kardex, id_kardex_detail, id_tool) VALUES (16, 94, 94);
INSERT INTO public.tool_entity (id_tool, type_tool_id_type_tool, state) VALUES (95, 16, 'AVAILABLE');
INSERT INTO public.kardex_detail_entity (id_kardex, id_kardex_detail, id_tool) VALUES (16, 95, 95);
INSERT INTO public.tool_entity (id_tool, type_tool_id_type_tool, state) VALUES (96, 16, 'AVAILABLE');
INSERT INTO public.kardex_detail_entity (id_kardex, id_kardex_detail, id_tool) VALUES (16, 96, 96);
INSERT INTO public.type_tool_entity (daily_rate, debt_rate, replacement_value, stock, id_type_tool, category, name) VALUES (28000, 11000, 210000, 7, 17, 'Eléctrica', 'Sierra Sable');
INSERT INTO public.kardex_entity (quantity, date, id_kardex, loan_id, user_id, type_move) VALUES (7, '2024-03-03 09:40:25.967766', 17, NULL, NULL, 'TOOL_REGISTER');
INSERT INTO public.tool_entity (id_tool, type_tool_id_type_tool, state) VALUES (97, 17, 'AVAILABLE');
INSERT INTO public.kardex_detail_entity (id_kardex, id_kardex_detail, id_tool) VALUES (17, 97, 97);
INSERT INTO public.tool_entity (id_tool, type_tool_id_type_tool, state) VALUES (98, 17, 'AVAILABLE');
INSERT INTO public.kardex_detail_entity (id_kardex, id_kardex_detail, id_tool) VALUES (17, 98, 98);
INSERT INTO public.tool_entity (id_tool, type_tool_id_type_tool, state) VALUES (99, 17, 'AVAILABLE');
INSERT INTO public.kardex_detail_entity (id_kardex, id_kardex_detail, id_tool) VALUES (17, 99, 99);
INSERT INTO public.tool_entity (id_tool, type_tool_id_type_tool, state) VALUES (100, 17, 'AVAILABLE');
INSERT INTO public.kardex_detail_entity (id_kardex, id_kardex_detail, id_tool) VALUES (17, 100, 100);
INSERT INTO public.tool_entity (id_tool, type_tool_id_type_tool, state) VALUES (101, 17, 'AVAILABLE');
INSERT INTO public.kardex_detail_entity (id_kardex, id_kardex_detail, id_tool) VALUES (17, 101, 101);
INSERT INTO public.tool_entity (id_tool, type_tool_id_type_tool, state) VALUES (102, 17, 'AVAILABLE');
INSERT INTO public.kardex_detail_entity (id_kardex, id_kardex_detail, id_tool) VALUES (17, 102, 102);
INSERT INTO public.tool_entity (id_tool, type_tool_id_type_tool, state) VALUES (103, 17, 'AVAILABLE');
INSERT INTO public.kardex_detail_entity (id_kardex, id_kardex_detail, id_tool) VALUES (17, 103, 103);
INSERT INTO public.type_tool_entity (daily_rate, debt_rate, replacement_value, stock, id_type_tool, category, name) VALUES (20000, 8000, 130000, 6, 18, 'Medición', 'Nivel Láser');
INSERT INTO public.kardex_entity (quantity, date, id_kardex, loan_id, user_id, type_move) VALUES (6, '2024-03-03 09:40:25.967776', 18, NULL, NULL, 'TOOL_REGISTER');
INSERT INTO public.tool_entity (id_tool, type_tool_id_type_tool, state) VALUES (104, 18, 'AVAILABLE');
INSERT INTO public.kardex_detail_entity (id_kardex, id_kardex_detail, id_tool) VALUES (18, 104, 104);
INSERT INTO public.tool_entity (id_tool, type_tool_id_type_tool, state) VALUES (105, 18, 'AVAILABLE');
INSERT INTO public.kardex_detail_entity (id_kardex, id_kardex_detail, id_tool) VALUES (18, 105, 105);
INSERT INTO public.tool_entity (id_tool, type_tool_id_type_tool, state) VALUES (106, 18, 'AVAILABLE');
INSERT INTO public.kardex_detail_entity (id_kardex, id_kardex_detail, id_tool) VALUES (18, 106, 106);
INSERT INTO public.tool_entity (id_tool, type_tool_id_type_tool, state) VALUES (107, 18, 'AVAILABLE');
INSERT INTO public.kardex_detail_entity (id_kardex, id_kardex_detail, id_tool) VALUES (18, 107, 107);
INSERT INTO public.tool_entity (id_tool, type_tool_id_type_tool, state) VALUES (108, 18, 'AVAILABLE');
INSERT INTO public.kardex_detail_entity (id_kardex, id_kardex_detail, id_tool) VALUES (18, 108, 108);
INSERT INTO public.tool_entity (id_tool, type_tool_id_type_tool, state) VALUES (109, 18, 'AVAILABLE');
INSERT INTO public.kardex_detail_entity (id_kardex, id_kardex_detail, id_tool) VALUES (18, 109, 109);
INSERT INTO public.type_tool_entity (daily_rate, debt_rate, replacement_value, stock, id_type_tool, category, name) VALUES (35000, 14000, 270000, 7, 19, 'Construcción', 'Vibrador de Inmersión');
INSERT INTO public.kardex_entity (quantity, date, id_kardex, loan_id, user_id, type_move) VALUES (7, '2024-03-03 09:40:25.967785', 19, NULL, NULL, 'TOOL_REGISTER');
INSERT INTO public.tool_entity (id_tool, type_tool_id_type_tool, state) VALUES (110, 19, 'AVAILABLE');
INSERT INTO public.kardex_detail_entity (id_kardex, id_kardex_detail, id_tool) VALUES (19, 110, 110);
INSERT INTO public.tool_entity (id_tool, type_tool_id_type_tool, state) VALUES (111, 19, 'AVAILABLE');
INSERT INTO public.kardex_detail_entity (id_kardex, id_kardex_detail, id_tool) VALUES (19, 111, 111);
INSERT INTO public.tool_entity (id_tool, type_tool_id_type_tool, state) VALUES (112, 19, 'AVAILABLE');
INSERT INTO public.kardex_detail_entity (id_kardex, id_kardex_detail, id_tool) VALUES (19, 112, 112);
INSERT INTO public.tool_entity (id_tool, type_tool_id_type_tool, state) VALUES (113, 19, 'AVAILABLE');
INSERT INTO public.kardex_detail_entity (id_kardex, id_kardex_detail, id_tool) VALUES (19, 113, 113);
INSERT INTO public.tool_entity (id_tool, type_tool_id_type_tool, state) VALUES (114, 19, 'AVAILABLE');
INSERT INTO public.kardex_detail_entity (id_kardex, id_kardex_detail, id_tool) VALUES (19, 114, 114);
INSERT INTO public.tool_entity (id_tool, type_tool_id_type_tool, state) VALUES (115, 19, 'AVAILABLE');
INSERT INTO public.kardex_detail_entity (id_kardex, id_kardex_detail, id_tool) VALUES (19, 115, 115);
INSERT INTO public.tool_entity (id_tool, type_tool_id_type_tool, state) VALUES (116, 19, 'AVAILABLE');
INSERT INTO public.kardex_detail_entity (id_kardex, id_kardex_detail, id_tool) VALUES (19, 116, 116);
INSERT INTO public.type_tool_entity (daily_rate, debt_rate, replacement_value, stock, id_type_tool, category, name) VALUES (120000, 50000, 850000, 6, 20, 'Maquinaria', 'Placa Compactadora');
INSERT INTO public.kardex_entity (quantity, date, id_kardex, loan_id, user_id, type_move) VALUES (6, '2024-03-03 09:40:25.967800', 20, NULL, NULL, 'TOOL_REGISTER');
INSERT INTO public.tool_entity (id_tool, type_tool_id_type_tool, state) VALUES (117, 20, 'AVAILABLE');
INSERT INTO public.kardex_detail_entity (id_kardex, id_kardex_detail, id_tool) VALUES (20, 117, 117);
INSERT INTO public.tool_entity (id_tool, type_tool_id_type_tool, state) VALUES (118, 20, 'AVAILABLE');
INSERT INTO public.kardex_detail_entity (id_kardex, id_kardex_detail, id_tool) VALUES (20, 118, 118);
INSERT INTO public.tool_entity (id_tool, type_tool_id_type_tool, state) VALUES (119, 20, 'AVAILABLE');
INSERT INTO public.kardex_detail_entity (id_kardex, id_kardex_detail, id_tool) VALUES (20, 119, 119);
INSERT INTO public.tool_entity (id_tool, type_tool_id_type_tool, state) VALUES (120, 20, 'AVAILABLE');
INSERT INTO public.kardex_detail_entity (id_kardex, id_kardex_detail, id_tool) VALUES (20, 120, 120);
INSERT INTO public.tool_entity (id_tool, type_tool_id_type_tool, state) VALUES (121, 20, 'AVAILABLE');
INSERT INTO public.kardex_detail_entity (id_kardex, id_kardex_detail, id_tool) VALUES (20, 121, 121);
INSERT INTO public.tool_entity (id_tool, type_tool_id_type_tool, state) VALUES (122, 20, 'AVAILABLE');
INSERT INTO public.kardex_detail_entity (id_kardex, id_kardex_detail, id_tool) VALUES (20, 122, 122);
INSERT INTO public.type_tool_entity (daily_rate, debt_rate, replacement_value, stock, id_type_tool, category, name) VALUES (18000, 7000, 110000, 5, 21, 'Construcción', 'Cortadora de Cerámica');
INSERT INTO public.kardex_entity (quantity, date, id_kardex, loan_id, user_id, type_move) VALUES (5, '2024-03-03 09:40:25.967809', 21, NULL, NULL, 'TOOL_REGISTER');
INSERT INTO public.tool_entity (id_tool, type_tool_id_type_tool, state) VALUES (123, 21, 'AVAILABLE');
INSERT INTO public.kardex_detail_entity (id_kardex, id_kardex_detail, id_tool) VALUES (21, 123, 123);
INSERT INTO public.tool_entity (id_tool, type_tool_id_type_tool, state) VALUES (124, 21, 'AVAILABLE');
INSERT INTO public.kardex_detail_entity (id_kardex, id_kardex_detail, id_tool) VALUES (21, 124, 124);
INSERT INTO public.tool_entity (id_tool, type_tool_id_type_tool, state) VALUES (125, 21, 'AVAILABLE');
INSERT INTO public.kardex_detail_entity (id_kardex, id_kardex_detail, id_tool) VALUES (21, 125, 125);
INSERT INTO public.tool_entity (id_tool, type_tool_id_type_tool, state) VALUES (126, 21, 'AVAILABLE');
INSERT INTO public.kardex_detail_entity (id_kardex, id_kardex_detail, id_tool) VALUES (21, 126, 126);
INSERT INTO public.tool_entity (id_tool, type_tool_id_type_tool, state) VALUES (127, 21, 'AVAILABLE');
INSERT INTO public.kardex_detail_entity (id_kardex, id_kardex_detail, id_tool) VALUES (21, 127, 127);
INSERT INTO public.type_tool_entity (daily_rate, debt_rate, replacement_value, stock, id_type_tool, category, name) VALUES (55000, 22000, 400000, 8, 22, 'Construcción', 'Andamio');
INSERT INTO public.kardex_entity (quantity, date, id_kardex, loan_id, user_id, type_move) VALUES (8, '2024-03-03 09:40:25.967817', 22, NULL, NULL, 'TOOL_REGISTER');
INSERT INTO public.tool_entity (id_tool, type_tool_id_type_tool, state) VALUES (128, 22, 'AVAILABLE');
INSERT INTO public.kardex_detail_entity (id_kardex, id_kardex_detail, id_tool) VALUES (22, 128, 128);
INSERT INTO public.tool_entity (id_tool, type_tool_id_type_tool, state) VALUES (129, 22, 'AVAILABLE');
INSERT INTO public.kardex_detail_entity (id_kardex, id_kardex_detail, id_tool) VALUES (22, 129, 129);
INSERT INTO public.tool_entity (id_tool, type_tool_id_type_tool, state) VALUES (130, 22, 'AVAILABLE');
INSERT INTO public.kardex_detail_entity (id_kardex, id_kardex_detail, id_tool) VALUES (22, 130, 130);
INSERT INTO public.tool_entity (id_tool, type_tool_id_type_tool, state) VALUES (131, 22, 'AVAILABLE');
INSERT INTO public.kardex_detail_entity (id_kardex, id_kardex_detail, id_tool) VALUES (22, 131, 131);
INSERT INTO public.tool_entity (id_tool, type_tool_id_type_tool, state) VALUES (132, 22, 'AVAILABLE');
INSERT INTO public.kardex_detail_entity (id_kardex, id_kardex_detail, id_tool) VALUES (22, 132, 132);
INSERT INTO public.tool_entity (id_tool, type_tool_id_type_tool, state) VALUES (133, 22, 'AVAILABLE');
INSERT INTO public.kardex_detail_entity (id_kardex, id_kardex_detail, id_tool) VALUES (22, 133, 133);
INSERT INTO public.tool_entity (id_tool, type_tool_id_type_tool, state) VALUES (134, 22, 'AVAILABLE');
INSERT INTO public.kardex_detail_entity (id_kardex, id_kardex_detail, id_tool) VALUES (22, 134, 134);
INSERT INTO public.tool_entity (id_tool, type_tool_id_type_tool, state) VALUES (135, 22, 'AVAILABLE');
INSERT INTO public.kardex_detail_entity (id_kardex, id_kardex_detail, id_tool) VALUES (22, 135, 135);
INSERT INTO public.type_tool_entity (daily_rate, debt_rate, replacement_value, stock, id_type_tool, category, name) VALUES (9000, 3500, 50000, 7, 23, 'Eléctrica', 'Pistola de Calor');
INSERT INTO public.kardex_entity (quantity, date, id_kardex, loan_id, user_id, type_move) VALUES (7, '2024-03-03 09:40:25.967830', 23, NULL, NULL, 'TOOL_REGISTER');
INSERT INTO public.tool_entity (id_tool, type_tool_id_type_tool, state) VALUES (136, 23, 'AVAILABLE');
INSERT INTO public.kardex_detail_entity (id_kardex, id_kardex_detail, id_tool) VALUES (23, 136, 136);
INSERT INTO public.tool_entity (id_tool, type_tool_id_type_tool, state) VALUES (137, 23, 'AVAILABLE');
INSERT INTO public.kardex_detail_entity (id_kardex, id_kardex_detail, id_tool) VALUES (23, 137, 137);
INSERT INTO public.tool_entity (id_tool, type_tool_id_type_tool, state) VALUES (138, 23, 'AVAILABLE');
INSERT INTO public.kardex_detail_entity (id_kardex, id_kardex_detail, id_tool) VALUES (23, 138, 138);
INSERT INTO public.tool_entity (id_tool, type_tool_id_type_tool, state) VALUES (139, 23, 'AVAILABLE');
INSERT INTO public.kardex_detail_entity (id_kardex, id_kardex_detail, id_tool) VALUES (23, 139, 139);
INSERT INTO public.tool_entity (id_tool, type_tool_id_type_tool, state) VALUES (140, 23, 'AVAILABLE');
INSERT INTO public.kardex_detail_entity (id_kardex, id_kardex_detail, id_tool) VALUES (23, 140, 140);
INSERT INTO public.tool_entity (id_tool, type_tool_id_type_tool, state) VALUES (141, 23, 'AVAILABLE');
INSERT INTO public.kardex_detail_entity (id_kardex, id_kardex_detail, id_tool) VALUES (23, 141, 141);
INSERT INTO public.tool_entity (id_tool, type_tool_id_type_tool, state) VALUES (142, 23, 'AVAILABLE');
INSERT INTO public.kardex_detail_entity (id_kardex, id_kardex_detail, id_tool) VALUES (23, 142, 142);
INSERT INTO public.type_tool_entity (daily_rate, debt_rate, replacement_value, stock, id_type_tool, category, name) VALUES (8000, 3000, 40000, 6, 24, 'Medición', 'Multímetro');
INSERT INTO public.kardex_entity (quantity, date, id_kardex, loan_id, user_id, type_move) VALUES (6, '2024-03-03 09:40:25.967839', 24, NULL, NULL, 'TOOL_REGISTER');
INSERT INTO public.tool_entity (id_tool, type_tool_id_type_tool, state) VALUES (143, 24, 'AVAILABLE');
INSERT INTO public.kardex_detail_entity (id_kardex, id_kardex_detail, id_tool) VALUES (24, 143, 143);
INSERT INTO public.tool_entity (id_tool, type_tool_id_type_tool, state) VALUES (144, 24, 'AVAILABLE');
INSERT INTO public.kardex_detail_entity (id_kardex, id_kardex_detail, id_tool) VALUES (24, 144, 144);
INSERT INTO public.tool_entity (id_tool, type_tool_id_type_tool, state) VALUES (145, 24, 'AVAILABLE');
INSERT INTO public.kardex_detail_entity (id_kardex, id_kardex_detail, id_tool) VALUES (24, 145, 145);
INSERT INTO public.tool_entity (id_tool, type_tool_id_type_tool, state) VALUES (146, 24, 'AVAILABLE');
INSERT INTO public.kardex_detail_entity (id_kardex, id_kardex_detail, id_tool) VALUES (24, 146, 146);
INSERT INTO public.tool_entity (id_tool, type_tool_id_type_tool, state) VALUES (147, 24, 'AVAILABLE');
INSERT INTO public.kardex_detail_entity (id_kardex, id_kardex_detail, id_tool) VALUES (24, 147, 147);
INSERT INTO public.tool_entity (id_tool, type_tool_id_type_tool, state) VALUES (148, 24, 'AVAILABLE');
INSERT INTO public.kardex_detail_entity (id_kardex, id_kardex_detail, id_tool) VALUES (24, 148, 148);
INSERT INTO public.type_tool_entity (daily_rate, debt_rate, replacement_value, stock, id_type_tool, category, name) VALUES (22000, 9000, 160000, 7, 25, 'Mecánica', 'Llave de Impacto');
INSERT INTO public.kardex_entity (quantity, date, id_kardex, loan_id, user_id, type_move) VALUES (7, '2024-03-03 09:40:25.967848', 25, NULL, NULL, 'TOOL_REGISTER');
INSERT INTO public.tool_entity (id_tool, type_tool_id_type_tool, state) VALUES (149, 25, 'AVAILABLE');
INSERT INTO public.kardex_detail_entity (id_kardex, id_kardex_detail, id_tool) VALUES (25, 149, 149);
INSERT INTO public.tool_entity (id_tool, type_tool_id_type_tool, state) VALUES (150, 25, 'AVAILABLE');
INSERT INTO public.kardex_detail_entity (id_kardex, id_kardex_detail, id_tool) VALUES (25, 150, 150);
INSERT INTO public.tool_entity (id_tool, type_tool_id_type_tool, state) VALUES (151, 25, 'AVAILABLE');
INSERT INTO public.kardex_detail_entity (id_kardex, id_kardex_detail, id_tool) VALUES (25, 151, 151);
INSERT INTO public.tool_entity (id_tool, type_tool_id_type_tool, state) VALUES (152, 25, 'AVAILABLE');
INSERT INTO public.kardex_detail_entity (id_kardex, id_kardex_detail, id_tool) VALUES (25, 152, 152);
INSERT INTO public.tool_entity (id_tool, type_tool_id_type_tool, state) VALUES (153, 25, 'AVAILABLE');
INSERT INTO public.kardex_detail_entity (id_kardex, id_kardex_detail, id_tool) VALUES (25, 153, 153);
INSERT INTO public.tool_entity (id_tool, type_tool_id_type_tool, state) VALUES (154, 25, 'AVAILABLE');
INSERT INTO public.kardex_detail_entity (id_kardex, id_kardex_detail, id_tool) VALUES (25, 154, 154);
INSERT INTO public.tool_entity (id_tool, type_tool_id_type_tool, state) VALUES (155, 25, 'AVAILABLE');
INSERT INTO public.kardex_detail_entity (id_kardex, id_kardex_detail, id_tool) VALUES (25, 155, 155);
INSERT INTO public.type_tool_entity (daily_rate, debt_rate, replacement_value, stock, id_type_tool, category, name) VALUES (12000, 5000, 80000, 7, 26, 'Mecánica', 'Gata Hidráulica');
INSERT INTO public.kardex_entity (quantity, date, id_kardex, loan_id, user_id, type_move) VALUES (7, '2024-03-03 09:40:25.967859', 26, NULL, NULL, 'TOOL_REGISTER');
INSERT INTO public.tool_entity (id_tool, type_tool_id_type_tool, state) VALUES (156, 26, 'AVAILABLE');
INSERT INTO public.kardex_detail_entity (id_kardex, id_kardex_detail, id_tool) VALUES (26, 156, 156);
INSERT INTO public.tool_entity (id_tool, type_tool_id_type_tool, state) VALUES (157, 26, 'AVAILABLE');
INSERT INTO public.kardex_detail_entity (id_kardex, id_kardex_detail, id_tool) VALUES (26, 157, 157);
INSERT INTO public.tool_entity (id_tool, type_tool_id_type_tool, state) VALUES (158, 26, 'AVAILABLE');
INSERT INTO public.kardex_detail_entity (id_kardex, id_kardex_detail, id_tool) VALUES (26, 158, 158);
INSERT INTO public.tool_entity (id_tool, type_tool_id_type_tool, state) VALUES (159, 26, 'AVAILABLE');
INSERT INTO public.kardex_detail_entity (id_kardex, id_kardex_detail, id_tool) VALUES (26, 159, 159);
INSERT INTO public.tool_entity (id_tool, type_tool_id_type_tool, state) VALUES (160, 26, 'AVAILABLE');
INSERT INTO public.kardex_detail_entity (id_kardex, id_kardex_detail, id_tool) VALUES (26, 160, 160);
INSERT INTO public.tool_entity (id_tool, type_tool_id_type_tool, state) VALUES (161, 26, 'AVAILABLE');
INSERT INTO public.kardex_detail_entity (id_kardex, id_kardex_detail, id_tool) VALUES (26, 161, 161);
INSERT INTO public.tool_entity (id_tool, type_tool_id_type_tool, state) VALUES (162, 26, 'AVAILABLE');
INSERT INTO public.kardex_detail_entity (id_kardex, id_kardex_detail, id_tool) VALUES (26, 162, 162);
INSERT INTO public.type_tool_entity (daily_rate, debt_rate, replacement_value, stock, id_type_tool, category, name) VALUES (50000, 20000, 350000, 5, 27, 'Mecánica', 'Prensa Hidráulica');
INSERT INTO public.kardex_entity (quantity, date, id_kardex, loan_id, user_id, type_move) VALUES (5, '2024-03-03 09:40:25.967870', 27, NULL, NULL, 'TOOL_REGISTER');
INSERT INTO public.tool_entity (id_tool, type_tool_id_type_tool, state) VALUES (163, 27, 'AVAILABLE');
INSERT INTO public.kardex_detail_entity (id_kardex, id_kardex_detail, id_tool) VALUES (27, 163, 163);
INSERT INTO public.tool_entity (id_tool, type_tool_id_type_tool, state) VALUES (164, 27, 'AVAILABLE');
INSERT INTO public.kardex_detail_entity (id_kardex, id_kardex_detail, id_tool) VALUES (27, 164, 164);
INSERT INTO public.tool_entity (id_tool, type_tool_id_type_tool, state) VALUES (165, 27, 'AVAILABLE');
INSERT INTO public.kardex_detail_entity (id_kardex, id_kardex_detail, id_tool) VALUES (27, 165, 165);
INSERT INTO public.tool_entity (id_tool, type_tool_id_type_tool, state) VALUES (166, 27, 'AVAILABLE');
INSERT INTO public.kardex_detail_entity (id_kardex, id_kardex_detail, id_tool) VALUES (27, 166, 166);
INSERT INTO public.tool_entity (id_tool, type_tool_id_type_tool, state) VALUES (167, 27, 'AVAILABLE');
INSERT INTO public.kardex_detail_entity (id_kardex, id_kardex_detail, id_tool) VALUES (27, 167, 167);
INSERT INTO public.type_tool_entity (daily_rate, debt_rate, replacement_value, stock, id_type_tool, category, name) VALUES (38000, 15000, 280000, 8, 28, 'Eléctrica', 'Taladro de Banco');
INSERT INTO public.kardex_entity (quantity, date, id_kardex, loan_id, user_id, type_move) VALUES (8, '2024-03-03 09:40:25.967878', 28, NULL, NULL, 'TOOL_REGISTER');
INSERT INTO public.tool_entity (id_tool, type_tool_id_type_tool, state) VALUES (168, 28, 'AVAILABLE');
INSERT INTO public.kardex_detail_entity (id_kardex, id_kardex_detail, id_tool) VALUES (28, 168, 168);
INSERT INTO public.tool_entity (id_tool, type_tool_id_type_tool, state) VALUES (169, 28, 'AVAILABLE');
INSERT INTO public.kardex_detail_entity (id_kardex, id_kardex_detail, id_tool) VALUES (28, 169, 169);
INSERT INTO public.tool_entity (id_tool, type_tool_id_type_tool, state) VALUES (170, 28, 'AVAILABLE');
INSERT INTO public.kardex_detail_entity (id_kardex, id_kardex_detail, id_tool) VALUES (28, 170, 170);
INSERT INTO public.tool_entity (id_tool, type_tool_id_type_tool, state) VALUES (171, 28, 'AVAILABLE');
INSERT INTO public.kardex_detail_entity (id_kardex, id_kardex_detail, id_tool) VALUES (28, 171, 171);
INSERT INTO public.tool_entity (id_tool, type_tool_id_type_tool, state) VALUES (172, 28, 'AVAILABLE');
INSERT INTO public.kardex_detail_entity (id_kardex, id_kardex_detail, id_tool) VALUES (28, 172, 172);
INSERT INTO public.tool_entity (id_tool, type_tool_id_type_tool, state) VALUES (173, 28, 'AVAILABLE');
INSERT INTO public.kardex_detail_entity (id_kardex, id_kardex_detail, id_tool) VALUES (28, 173, 173);
INSERT INTO public.tool_entity (id_tool, type_tool_id_type_tool, state) VALUES (174, 28, 'AVAILABLE');
INSERT INTO public.kardex_detail_entity (id_kardex, id_kardex_detail, id_tool) VALUES (28, 174, 174);
INSERT INTO public.tool_entity (id_tool, type_tool_id_type_tool, state) VALUES (175, 28, 'AVAILABLE');
INSERT INTO public.kardex_detail_entity (id_kardex, id_kardex_detail, id_tool) VALUES (28, 175, 175);
INSERT INTO public.type_tool_entity (daily_rate, debt_rate, replacement_value, stock, id_type_tool, category, name) VALUES (22000, 9000, 150000, 7, 29, 'Jardinería', 'Cortasetos');
INSERT INTO public.kardex_entity (quantity, date, id_kardex, loan_id, user_id, type_move) VALUES (7, '2024-03-03 09:40:25.967890', 29, NULL, NULL, 'TOOL_REGISTER');
INSERT INTO public.tool_entity (id_tool, type_tool_id_type_tool, state) VALUES (176, 29, 'AVAILABLE');
INSERT INTO public.kardex_detail_entity (id_kardex, id_kardex_detail, id_tool) VALUES (29, 176, 176);
INSERT INTO public.tool_entity (id_tool, type_tool_id_type_tool, state) VALUES (177, 29, 'AVAILABLE');
INSERT INTO public.kardex_detail_entity (id_kardex, id_kardex_detail, id_tool) VALUES (29, 177, 177);
INSERT INTO public.tool_entity (id_tool, type_tool_id_type_tool, state) VALUES (178, 29, 'AVAILABLE');
INSERT INTO public.kardex_detail_entity (id_kardex, id_kardex_detail, id_tool) VALUES (29, 178, 178);
INSERT INTO public.tool_entity (id_tool, type_tool_id_type_tool, state) VALUES (179, 29, 'AVAILABLE');
INSERT INTO public.kardex_detail_entity (id_kardex, id_kardex_detail, id_tool) VALUES (29, 179, 179);
INSERT INTO public.tool_entity (id_tool, type_tool_id_type_tool, state) VALUES (180, 29, 'AVAILABLE');
INSERT INTO public.kardex_detail_entity (id_kardex, id_kardex_detail, id_tool) VALUES (29, 180, 180);
INSERT INTO public.tool_entity (id_tool, type_tool_id_type_tool, state) VALUES (181, 29, 'AVAILABLE');
INSERT INTO public.kardex_detail_entity (id_kardex, id_kardex_detail, id_tool) VALUES (29, 181, 181);
INSERT INTO public.tool_entity (id_tool, type_tool_id_type_tool, state) VALUES (182, 29, 'AVAILABLE');
INSERT INTO public.kardex_detail_entity (id_kardex, id_kardex_detail, id_tool) VALUES (29, 182, 182);
INSERT INTO public.type_tool_entity (daily_rate, debt_rate, replacement_value, stock, id_type_tool, category, name) VALUES (18000, 7000, 130000, 8, 30, 'Jardinería', 'Sopladora');
INSERT INTO public.kardex_entity (quantity, date, id_kardex, loan_id, user_id, type_move) VALUES (8, '2024-03-03 09:40:25.967900', 30, NULL, NULL, 'TOOL_REGISTER');
INSERT INTO public.tool_entity (id_tool, type_tool_id_type_tool, state) VALUES (183, 30, 'AVAILABLE');
INSERT INTO public.kardex_detail_entity (id_kardex, id_kardex_detail, id_tool) VALUES (30, 183, 183);
INSERT INTO public.tool_entity (id_tool, type_tool_id_type_tool, state) VALUES (184, 30, 'AVAILABLE');
INSERT INTO public.kardex_detail_entity (id_kardex, id_kardex_detail, id_tool) VALUES (30, 184, 184);
INSERT INTO public.tool_entity (id_tool, type_tool_id_type_tool, state) VALUES (185, 30, 'AVAILABLE');
INSERT INTO public.kardex_detail_entity (id_kardex, id_kardex_detail, id_tool) VALUES (30, 185, 185);
INSERT INTO public.tool_entity (id_tool, type_tool_id_type_tool, state) VALUES (186, 30, 'AVAILABLE');
INSERT INTO public.kardex_detail_entity (id_kardex, id_kardex_detail, id_tool) VALUES (30, 186, 186);
INSERT INTO public.tool_entity (id_tool, type_tool_id_type_tool, state) VALUES (187, 30, 'AVAILABLE');
INSERT INTO public.kardex_detail_entity (id_kardex, id_kardex_detail, id_tool) VALUES (30, 187, 187);
INSERT INTO public.tool_entity (id_tool, type_tool_id_type_tool, state) VALUES (188, 30, 'AVAILABLE');
INSERT INTO public.kardex_detail_entity (id_kardex, id_kardex_detail, id_tool) VALUES (30, 188, 188);
INSERT INTO public.tool_entity (id_tool, type_tool_id_type_tool, state) VALUES (189, 30, 'AVAILABLE');
INSERT INTO public.kardex_detail_entity (id_kardex, id_kardex_detail, id_tool) VALUES (30, 189, 189);
INSERT INTO public.tool_entity (id_tool, type_tool_id_type_tool, state) VALUES (190, 30, 'AVAILABLE');
INSERT INTO public.kardex_detail_entity (id_kardex, id_kardex_detail, id_tool) VALUES (30, 190, 190);
INSERT INTO public.type_tool_entity (daily_rate, debt_rate, replacement_value, stock, id_type_tool, category, name) VALUES (10000, 4000, 70000, 5, 31, 'Plomería', 'Termofusora');
INSERT INTO public.kardex_entity (quantity, date, id_kardex, loan_id, user_id, type_move) VALUES (5, '2024-03-03 09:40:25.967911', 31, NULL, NULL, 'TOOL_REGISTER');
INSERT INTO public.tool_entity (id_tool, type_tool_id_type_tool, state) VALUES (191, 31, 'AVAILABLE');
INSERT INTO public.kardex_detail_entity (id_kardex, id_kardex_detail, id_tool) VALUES (31, 191, 191);
INSERT INTO public.tool_entity (id_tool, type_tool_id_type_tool, state) VALUES (192, 31, 'AVAILABLE');
INSERT INTO public.kardex_detail_entity (id_kardex, id_kardex_detail, id_tool) VALUES (31, 192, 192);
INSERT INTO public.tool_entity (id_tool, type_tool_id_type_tool, state) VALUES (193, 31, 'AVAILABLE');
INSERT INTO public.kardex_detail_entity (id_kardex, id_kardex_detail, id_tool) VALUES (31, 193, 193);
INSERT INTO public.tool_entity (id_tool, type_tool_id_type_tool, state) VALUES (194, 31, 'AVAILABLE');
INSERT INTO public.kardex_detail_entity (id_kardex, id_kardex_detail, id_tool) VALUES (31, 194, 194);
INSERT INTO public.tool_entity (id_tool, type_tool_id_type_tool, state) VALUES (195, 31, 'AVAILABLE');
INSERT INTO public.kardex_detail_entity (id_kardex, id_kardex_detail, id_tool) VALUES (31, 195, 195);
INSERT INTO public.type_tool_entity (daily_rate, debt_rate, replacement_value, stock, id_type_tool, category, name) VALUES (25000, 10000, 180000, 7, 32, 'Medición', 'Detector de Metales');
INSERT INTO public.kardex_entity (quantity, date, id_kardex, loan_id, user_id, type_move) VALUES (7, '2024-03-03 09:40:25.967919', 32, NULL, NULL, 'TOOL_REGISTER');
INSERT INTO public.tool_entity (id_tool, type_tool_id_type_tool, state) VALUES (196, 32, 'AVAILABLE');
INSERT INTO public.kardex_detail_entity (id_kardex, id_kardex_detail, id_tool) VALUES (32, 196, 196);
INSERT INTO public.tool_entity (id_tool, type_tool_id_type_tool, state) VALUES (197, 32, 'AVAILABLE');
INSERT INTO public.kardex_detail_entity (id_kardex, id_kardex_detail, id_tool) VALUES (32, 197, 197);
INSERT INTO public.tool_entity (id_tool, type_tool_id_type_tool, state) VALUES (198, 32, 'AVAILABLE');
INSERT INTO public.kardex_detail_entity (id_kardex, id_kardex_detail, id_tool) VALUES (32, 198, 198);
INSERT INTO public.tool_entity (id_tool, type_tool_id_type_tool, state) VALUES (199, 32, 'AVAILABLE');
INSERT INTO public.kardex_detail_entity (id_kardex, id_kardex_detail, id_tool) VALUES (32, 199, 199);
INSERT INTO public.tool_entity (id_tool, type_tool_id_type_tool, state) VALUES (200, 32, 'AVAILABLE');
INSERT INTO public.kardex_detail_entity (id_kardex, id_kardex_detail, id_tool) VALUES (32, 200, 200);
INSERT INTO public.tool_entity (id_tool, type_tool_id_type_tool, state) VALUES (201, 32, 'AVAILABLE');
INSERT INTO public.kardex_detail_entity (id_kardex, id_kardex_detail, id_tool) VALUES (32, 201, 201);
INSERT INTO public.tool_entity (id_tool, type_tool_id_type_tool, state) VALUES (202, 32, 'AVAILABLE');
INSERT INTO public.kardex_detail_entity (id_kardex, id_kardex_detail, id_tool) VALUES (32, 202, 202);
INSERT INTO public.type_tool_entity (daily_rate, debt_rate, replacement_value, stock, id_type_tool, category, name) VALUES (60000, 25000, 420000, 5, 33, 'Mecánica', 'Escáner Automotriz');
INSERT INTO public.kardex_entity (quantity, date, id_kardex, loan_id, user_id, type_move) VALUES (5, '2024-03-03 09:40:25.967930', 33, NULL, NULL, 'TOOL_REGISTER');
INSERT INTO public.tool_entity (id_tool, type_tool_id_type_tool, state) VALUES (203, 33, 'AVAILABLE');
INSERT INTO public.kardex_detail_entity (id_kardex, id_kardex_detail, id_tool) VALUES (33, 203, 203);
INSERT INTO public.tool_entity (id_tool, type_tool_id_type_tool, state) VALUES (204, 33, 'AVAILABLE');
INSERT INTO public.kardex_detail_entity (id_kardex, id_kardex_detail, id_tool) VALUES (33, 204, 204);
INSERT INTO public.tool_entity (id_tool, type_tool_id_type_tool, state) VALUES (205, 33, 'AVAILABLE');
INSERT INTO public.kardex_detail_entity (id_kardex, id_kardex_detail, id_tool) VALUES (33, 205, 205);
INSERT INTO public.tool_entity (id_tool, type_tool_id_type_tool, state) VALUES (206, 33, 'AVAILABLE');
INSERT INTO public.kardex_detail_entity (id_kardex, id_kardex_detail, id_tool) VALUES (33, 206, 206);
INSERT INTO public.tool_entity (id_tool, type_tool_id_type_tool, state) VALUES (207, 33, 'AVAILABLE');
INSERT INTO public.kardex_detail_entity (id_kardex, id_kardex_detail, id_tool) VALUES (33, 207, 207);
INSERT INTO public.type_tool_entity (daily_rate, debt_rate, replacement_value, stock, id_type_tool, category, name) VALUES (45000, 18000, 300000, 8, 34, 'Limpieza', 'Aspiradora Industrial');
INSERT INTO public.kardex_entity (quantity, date, id_kardex, loan_id, user_id, type_move) VALUES (8, '2024-03-03 09:40:25.967938', 34, NULL, NULL, 'TOOL_REGISTER');
INSERT INTO public.tool_entity (id_tool, type_tool_id_type_tool, state) VALUES (208, 34, 'AVAILABLE');
INSERT INTO public.kardex_detail_entity (id_kardex, id_kardex_detail, id_tool) VALUES (34, 208, 208);
INSERT INTO public.tool_entity (id_tool, type_tool_id_type_tool, state) VALUES (209, 34, 'AVAILABLE');
INSERT INTO public.kardex_detail_entity (id_kardex, id_kardex_detail, id_tool) VALUES (34, 209, 209);
INSERT INTO public.tool_entity (id_tool, type_tool_id_type_tool, state) VALUES (210, 34, 'AVAILABLE');
INSERT INTO public.kardex_detail_entity (id_kardex, id_kardex_detail, id_tool) VALUES (34, 210, 210);
INSERT INTO public.tool_entity (id_tool, type_tool_id_type_tool, state) VALUES (211, 34, 'AVAILABLE');
INSERT INTO public.kardex_detail_entity (id_kardex, id_kardex_detail, id_tool) VALUES (34, 211, 211);
INSERT INTO public.tool_entity (id_tool, type_tool_id_type_tool, state) VALUES (212, 34, 'AVAILABLE');
INSERT INTO public.kardex_detail_entity (id_kardex, id_kardex_detail, id_tool) VALUES (34, 212, 212);
INSERT INTO public.tool_entity (id_tool, type_tool_id_type_tool, state) VALUES (213, 34, 'AVAILABLE');
INSERT INTO public.kardex_detail_entity (id_kardex, id_kardex_detail, id_tool) VALUES (34, 213, 213);
INSERT INTO public.tool_entity (id_tool, type_tool_id_type_tool, state) VALUES (214, 34, 'AVAILABLE');
INSERT INTO public.kardex_detail_entity (id_kardex, id_kardex_detail, id_tool) VALUES (34, 214, 214);
INSERT INTO public.tool_entity (id_tool, type_tool_id_type_tool, state) VALUES (215, 34, 'AVAILABLE');
INSERT INTO public.kardex_detail_entity (id_kardex, id_kardex_detail, id_tool) VALUES (34, 215, 215);
INSERT INTO public.type_tool_entity (daily_rate, debt_rate, replacement_value, stock, id_type_tool, category, name) VALUES (50000, 20000, 350000, 5, 35, 'Eléctrica', 'Sierra de Banco');
INSERT INTO public.kardex_entity (quantity, date, id_kardex, loan_id, user_id, type_move) VALUES (5, '2024-03-03 09:40:25.967948', 35, NULL, NULL, 'TOOL_REGISTER');
INSERT INTO public.tool_entity (id_tool, type_tool_id_type_tool, state) VALUES (216, 35, 'AVAILABLE');
INSERT INTO public.kardex_detail_entity (id_kardex, id_kardex_detail, id_tool) VALUES (35, 216, 216);
INSERT INTO public.tool_entity (id_tool, type_tool_id_type_tool, state) VALUES (217, 35, 'AVAILABLE');
INSERT INTO public.kardex_detail_entity (id_kardex, id_kardex_detail, id_tool) VALUES (35, 217, 217);
INSERT INTO public.tool_entity (id_tool, type_tool_id_type_tool, state) VALUES (218, 35, 'AVAILABLE');
INSERT INTO public.kardex_detail_entity (id_kardex, id_kardex_detail, id_tool) VALUES (35, 218, 218);
INSERT INTO public.tool_entity (id_tool, type_tool_id_type_tool, state) VALUES (219, 35, 'AVAILABLE');
INSERT INTO public.kardex_detail_entity (id_kardex, id_kardex_detail, id_tool) VALUES (35, 219, 219);
INSERT INTO public.tool_entity (id_tool, type_tool_id_type_tool, state) VALUES (220, 35, 'AVAILABLE');
INSERT INTO public.kardex_detail_entity (id_kardex, id_kardex_detail, id_tool) VALUES (35, 220, 220);
INSERT INTO public.type_tool_entity (daily_rate, debt_rate, replacement_value, stock, id_type_tool, category, name) VALUES (32000, 13000, 240000, 6, 36, 'Construcción', 'Tronzadora');
INSERT INTO public.kardex_entity (quantity, date, id_kardex, loan_id, user_id, type_move) VALUES (6, '2024-03-03 09:40:25.967956', 36, NULL, NULL, 'TOOL_REGISTER');
INSERT INTO public.tool_entity (id_tool, type_tool_id_type_tool, state) VALUES (221, 36, 'AVAILABLE');
INSERT INTO public.kardex_detail_entity (id_kardex, id_kardex_detail, id_tool) VALUES (36, 221, 221);
INSERT INTO public.tool_entity (id_tool, type_tool_id_type_tool, state) VALUES (222, 36, 'AVAILABLE');
INSERT INTO public.kardex_detail_entity (id_kardex, id_kardex_detail, id_tool) VALUES (36, 222, 222);
INSERT INTO public.tool_entity (id_tool, type_tool_id_type_tool, state) VALUES (223, 36, 'AVAILABLE');
INSERT INTO public.kardex_detail_entity (id_kardex, id_kardex_detail, id_tool) VALUES (36, 223, 223);
INSERT INTO public.tool_entity (id_tool, type_tool_id_type_tool, state) VALUES (224, 36, 'AVAILABLE');
INSERT INTO public.kardex_detail_entity (id_kardex, id_kardex_detail, id_tool) VALUES (36, 224, 224);
INSERT INTO public.tool_entity (id_tool, type_tool_id_type_tool, state) VALUES (225, 36, 'AVAILABLE');
INSERT INTO public.kardex_detail_entity (id_kardex, id_kardex_detail, id_tool) VALUES (36, 225, 225);
INSERT INTO public.tool_entity (id_tool, type_tool_id_type_tool, state) VALUES (226, 36, 'AVAILABLE');
INSERT INTO public.kardex_detail_entity (id_kardex, id_kardex_detail, id_tool) VALUES (36, 226, 226);
INSERT INTO public.type_tool_entity (daily_rate, debt_rate, replacement_value, stock, id_type_tool, category, name) VALUES (28000, 11000, 200000, 8, 37, 'Eléctrica', 'Cizalla');
INSERT INTO public.kardex_entity (quantity, date, id_kardex, loan_id, user_id, type_move) VALUES (8, '2024-03-03 09:40:25.967966', 37, NULL, NULL, 'TOOL_REGISTER');
INSERT INTO public.tool_entity (id_tool, type_tool_id_type_tool, state) VALUES (227, 37, 'AVAILABLE');
INSERT INTO public.kardex_detail_entity (id_kardex, id_kardex_detail, id_tool) VALUES (37, 227, 227);
INSERT INTO public.tool_entity (id_tool, type_tool_id_type_tool, state) VALUES (228, 37, 'AVAILABLE');
INSERT INTO public.kardex_detail_entity (id_kardex, id_kardex_detail, id_tool) VALUES (37, 228, 228);
INSERT INTO public.tool_entity (id_tool, type_tool_id_type_tool, state) VALUES (229, 37, 'AVAILABLE');
INSERT INTO public.kardex_detail_entity (id_kardex, id_kardex_detail, id_tool) VALUES (37, 229, 229);
INSERT INTO public.tool_entity (id_tool, type_tool_id_type_tool, state) VALUES (230, 37, 'AVAILABLE');
INSERT INTO public.kardex_detail_entity (id_kardex, id_kardex_detail, id_tool) VALUES (37, 230, 230);
INSERT INTO public.tool_entity (id_tool, type_tool_id_type_tool, state) VALUES (231, 37, 'AVAILABLE');
INSERT INTO public.kardex_detail_entity (id_kardex, id_kardex_detail, id_tool) VALUES (37, 231, 231);
INSERT INTO public.tool_entity (id_tool, type_tool_id_type_tool, state) VALUES (232, 37, 'AVAILABLE');
INSERT INTO public.kardex_detail_entity (id_kardex, id_kardex_detail, id_tool) VALUES (37, 232, 232);
INSERT INTO public.tool_entity (id_tool, type_tool_id_type_tool, state) VALUES (233, 37, 'AVAILABLE');
INSERT INTO public.kardex_detail_entity (id_kardex, id_kardex_detail, id_tool) VALUES (37, 233, 233);
INSERT INTO public.tool_entity (id_tool, type_tool_id_type_tool, state) VALUES (234, 37, 'AVAILABLE');
INSERT INTO public.kardex_detail_entity (id_kardex, id_kardex_detail, id_tool) VALUES (37, 234, 234);
INSERT INTO public.type_tool_entity (daily_rate, debt_rate, replacement_value, stock, id_type_tool, category, name) VALUES (26000, 10000, 190000, 8, 38, 'Eléctrica', 'Amoladora');
INSERT INTO public.kardex_entity (quantity, date, id_kardex, loan_id, user_id, type_move) VALUES (8, '2024-03-03 09:40:25.967980', 38, NULL, NULL, 'TOOL_REGISTER');
INSERT INTO public.tool_entity (id_tool, type_tool_id_type_tool, state) VALUES (235, 38, 'AVAILABLE');
INSERT INTO public.kardex_detail_entity (id_kardex, id_kardex_detail, id_tool) VALUES (38, 235, 235);
INSERT INTO public.tool_entity (id_tool, type_tool_id_type_tool, state) VALUES (236, 38, 'AVAILABLE');
INSERT INTO public.kardex_detail_entity (id_kardex, id_kardex_detail, id_tool) VALUES (38, 236, 236);
INSERT INTO public.tool_entity (id_tool, type_tool_id_type_tool, state) VALUES (237, 38, 'AVAILABLE');
INSERT INTO public.kardex_detail_entity (id_kardex, id_kardex_detail, id_tool) VALUES (38, 237, 237);
INSERT INTO public.tool_entity (id_tool, type_tool_id_type_tool, state) VALUES (238, 38, 'AVAILABLE');
INSERT INTO public.kardex_detail_entity (id_kardex, id_kardex_detail, id_tool) VALUES (38, 238, 238);
INSERT INTO public.tool_entity (id_tool, type_tool_id_type_tool, state) VALUES (239, 38, 'AVAILABLE');
INSERT INTO public.kardex_detail_entity (id_kardex, id_kardex_detail, id_tool) VALUES (38, 239, 239);
INSERT INTO public.tool_entity (id_tool, type_tool_id_type_tool, state) VALUES (240, 38, 'AVAILABLE');
INSERT INTO public.kardex_detail_entity (id_kardex, id_kardex_detail, id_tool) VALUES (38, 240, 240);
INSERT INTO public.tool_entity (id_tool, type_tool_id_type_tool, state) VALUES (241, 38, 'AVAILABLE');
INSERT INTO public.kardex_detail_entity (id_kardex, id_kardex_detail, id_tool) VALUES (38, 241, 241);
INSERT INTO public.tool_entity (id_tool, type_tool_id_type_tool, state) VALUES (242, 38, 'AVAILABLE');
INSERT INTO public.kardex_detail_entity (id_kardex, id_kardex_detail, id_tool) VALUES (38, 242, 242);
INSERT INTO public.type_tool_entity (daily_rate, debt_rate, replacement_value, stock, id_type_tool, category, name) VALUES (15000, 6000, 90000, 7, 39, 'Construcción', 'Mezcladora de Pintura');
INSERT INTO public.kardex_entity (quantity, date, id_kardex, loan_id, user_id, type_move) VALUES (7, '2024-03-03 09:40:25.967991', 39, NULL, NULL, 'TOOL_REGISTER');
INSERT INTO public.tool_entity (id_tool, type_tool_id_type_tool, state) VALUES (243, 39, 'AVAILABLE');
INSERT INTO public.kardex_detail_entity (id_kardex, id_kardex_detail, id_tool) VALUES (39, 243, 243);
INSERT INTO public.tool_entity (id_tool, type_tool_id_type_tool, state) VALUES (244, 39, 'AVAILABLE');
INSERT INTO public.kardex_detail_entity (id_kardex, id_kardex_detail, id_tool) VALUES (39, 244, 244);
INSERT INTO public.tool_entity (id_tool, type_tool_id_type_tool, state) VALUES (245, 39, 'AVAILABLE');
INSERT INTO public.kardex_detail_entity (id_kardex, id_kardex_detail, id_tool) VALUES (39, 245, 245);
INSERT INTO public.tool_entity (id_tool, type_tool_id_type_tool, state) VALUES (246, 39, 'AVAILABLE');
INSERT INTO public.kardex_detail_entity (id_kardex, id_kardex_detail, id_tool) VALUES (39, 246, 246);
INSERT INTO public.tool_entity (id_tool, type_tool_id_type_tool, state) VALUES (247, 39, 'AVAILABLE');
INSERT INTO public.kardex_detail_entity (id_kardex, id_kardex_detail, id_tool) VALUES (39, 247, 247);
INSERT INTO public.tool_entity (id_tool, type_tool_id_type_tool, state) VALUES (248, 39, 'AVAILABLE');
INSERT INTO public.kardex_detail_entity (id_kardex, id_kardex_detail, id_tool) VALUES (39, 248, 248);
INSERT INTO public.tool_entity (id_tool, type_tool_id_type_tool, state) VALUES (249, 39, 'AVAILABLE');
INSERT INTO public.kardex_detail_entity (id_kardex, id_kardex_detail, id_tool) VALUES (39, 249, 249);
INSERT INTO public.type_tool_entity (daily_rate, debt_rate, replacement_value, stock, id_type_tool, category, name) VALUES (6000, 2500, 35000, 8, 40, 'Medición', 'Detector de Tensión');
INSERT INTO public.kardex_entity (quantity, date, id_kardex, loan_id, user_id, type_move) VALUES (8, '2024-03-03 09:40:25.968002', 40, NULL, NULL, 'TOOL_REGISTER');
INSERT INTO public.tool_entity (id_tool, type_tool_id_type_tool, state) VALUES (250, 40, 'AVAILABLE');
INSERT INTO public.kardex_detail_entity (id_kardex, id_kardex_detail, id_tool) VALUES (40, 250, 250);
INSERT INTO public.tool_entity (id_tool, type_tool_id_type_tool, state) VALUES (251, 40, 'AVAILABLE');
INSERT INTO public.kardex_detail_entity (id_kardex, id_kardex_detail, id_tool) VALUES (40, 251, 251);
INSERT INTO public.tool_entity (id_tool, type_tool_id_type_tool, state) VALUES (252, 40, 'AVAILABLE');
INSERT INTO public.kardex_detail_entity (id_kardex, id_kardex_detail, id_tool) VALUES (40, 252, 252);
INSERT INTO public.tool_entity (id_tool, type_tool_id_type_tool, state) VALUES (253, 40, 'AVAILABLE');
INSERT INTO public.kardex_detail_entity (id_kardex, id_kardex_detail, id_tool) VALUES (40, 253, 253);
INSERT INTO public.tool_entity (id_tool, type_tool_id_type_tool, state) VALUES (254, 40, 'AVAILABLE');
INSERT INTO public.kardex_detail_entity (id_kardex, id_kardex_detail, id_tool) VALUES (40, 254, 254);
INSERT INTO public.tool_entity (id_tool, type_tool_id_type_tool, state) VALUES (255, 40, 'AVAILABLE');
INSERT INTO public.kardex_detail_entity (id_kardex, id_kardex_detail, id_tool) VALUES (40, 255, 255);
INSERT INTO public.tool_entity (id_tool, type_tool_id_type_tool, state) VALUES (256, 40, 'AVAILABLE');
INSERT INTO public.kardex_detail_entity (id_kardex, id_kardex_detail, id_tool) VALUES (40, 256, 256);
INSERT INTO public.tool_entity (id_tool, type_tool_id_type_tool, state) VALUES (257, 40, 'AVAILABLE');
INSERT INTO public.kardex_detail_entity (id_kardex, id_kardex_detail, id_tool) VALUES (40, 257, 257);
INSERT INTO public.type_tool_entity (daily_rate, debt_rate, replacement_value, stock, id_type_tool, category, name) VALUES (35000, 14000, 250000, 8, 41, 'Maquinaria', 'Bomba de Agua');
INSERT INTO public.kardex_entity (quantity, date, id_kardex, loan_id, user_id, type_move) VALUES (8, '2024-03-03 09:40:25.968014', 41, NULL, NULL, 'TOOL_REGISTER');
INSERT INTO public.tool_entity (id_tool, type_tool_id_type_tool, state) VALUES (258, 41, 'AVAILABLE');
INSERT INTO public.kardex_detail_entity (id_kardex, id_kardex_detail, id_tool) VALUES (41, 258, 258);
INSERT INTO public.tool_entity (id_tool, type_tool_id_type_tool, state) VALUES (259, 41, 'AVAILABLE');
INSERT INTO public.kardex_detail_entity (id_kardex, id_kardex_detail, id_tool) VALUES (41, 259, 259);
INSERT INTO public.tool_entity (id_tool, type_tool_id_type_tool, state) VALUES (260, 41, 'AVAILABLE');
INSERT INTO public.kardex_detail_entity (id_kardex, id_kardex_detail, id_tool) VALUES (41, 260, 260);
INSERT INTO public.tool_entity (id_tool, type_tool_id_type_tool, state) VALUES (261, 41, 'AVAILABLE');
INSERT INTO public.kardex_detail_entity (id_kardex, id_kardex_detail, id_tool) VALUES (41, 261, 261);
INSERT INTO public.tool_entity (id_tool, type_tool_id_type_tool, state) VALUES (262, 41, 'AVAILABLE');
INSERT INTO public.kardex_detail_entity (id_kardex, id_kardex_detail, id_tool) VALUES (41, 262, 262);
INSERT INTO public.tool_entity (id_tool, type_tool_id_type_tool, state) VALUES (263, 41, 'AVAILABLE');
INSERT INTO public.kardex_detail_entity (id_kardex, id_kardex_detail, id_tool) VALUES (41, 263, 263);
INSERT INTO public.tool_entity (id_tool, type_tool_id_type_tool, state) VALUES (264, 41, 'AVAILABLE');
INSERT INTO public.kardex_detail_entity (id_kardex, id_kardex_detail, id_tool) VALUES (41, 264, 264);
INSERT INTO public.tool_entity (id_tool, type_tool_id_type_tool, state) VALUES (265, 41, 'AVAILABLE');
INSERT INTO public.kardex_detail_entity (id_kardex, id_kardex_detail, id_tool) VALUES (41, 265, 265);
INSERT INTO public.type_tool_entity (daily_rate, debt_rate, replacement_value, stock, id_type_tool, category, name) VALUES (45000, 18000, 320000, 7, 42, 'Eléctrica', 'Sierra Ingleteadora');
INSERT INTO public.kardex_entity (quantity, date, id_kardex, loan_id, user_id, type_move) VALUES (7, '2024-03-03 09:40:25.968026', 42, NULL, NULL, 'TOOL_REGISTER');
INSERT INTO public.tool_entity (id_tool, type_tool_id_type_tool, state) VALUES (266, 42, 'AVAILABLE');
INSERT INTO public.kardex_detail_entity (id_kardex, id_kardex_detail, id_tool) VALUES (42, 266, 266);
INSERT INTO public.tool_entity (id_tool, type_tool_id_type_tool, state) VALUES (267, 42, 'AVAILABLE');
INSERT INTO public.kardex_detail_entity (id_kardex, id_kardex_detail, id_tool) VALUES (42, 267, 267);
INSERT INTO public.tool_entity (id_tool, type_tool_id_type_tool, state) VALUES (268, 42, 'AVAILABLE');
INSERT INTO public.kardex_detail_entity (id_kardex, id_kardex_detail, id_tool) VALUES (42, 268, 268);
INSERT INTO public.tool_entity (id_tool, type_tool_id_type_tool, state) VALUES (269, 42, 'AVAILABLE');
INSERT INTO public.kardex_detail_entity (id_kardex, id_kardex_detail, id_tool) VALUES (42, 269, 269);
INSERT INTO public.tool_entity (id_tool, type_tool_id_type_tool, state) VALUES (270, 42, 'AVAILABLE');
INSERT INTO public.kardex_detail_entity (id_kardex, id_kardex_detail, id_tool) VALUES (42, 270, 270);
INSERT INTO public.tool_entity (id_tool, type_tool_id_type_tool, state) VALUES (271, 42, 'AVAILABLE');
INSERT INTO public.kardex_detail_entity (id_kardex, id_kardex_detail, id_tool) VALUES (42, 271, 271);
INSERT INTO public.tool_entity (id_tool, type_tool_id_type_tool, state) VALUES (272, 42, 'AVAILABLE');
INSERT INTO public.kardex_detail_entity (id_kardex, id_kardex_detail, id_tool) VALUES (42, 272, 272);
INSERT INTO public.type_tool_entity (daily_rate, debt_rate, replacement_value, stock, id_type_tool, category, name) VALUES (20000, 8000, 150000, 6, 43, 'Construcción', 'Rodillo Compactador');
INSERT INTO public.kardex_entity (quantity, date, id_kardex, loan_id, user_id, type_move) VALUES (6, '2024-03-03 09:40:25.968036', 43, NULL, NULL, 'TOOL_REGISTER');
INSERT INTO public.tool_entity (id_tool, type_tool_id_type_tool, state) VALUES (273, 43, 'AVAILABLE');
INSERT INTO public.kardex_detail_entity (id_kardex, id_kardex_detail, id_tool) VALUES (43, 273, 273);
INSERT INTO public.tool_entity (id_tool, type_tool_id_type_tool, state) VALUES (274, 43, 'AVAILABLE');
INSERT INTO public.kardex_detail_entity (id_kardex, id_kardex_detail, id_tool) VALUES (43, 274, 274);
INSERT INTO public.tool_entity (id_tool, type_tool_id_type_tool, state) VALUES (275, 43, 'AVAILABLE');
INSERT INTO public.kardex_detail_entity (id_kardex, id_kardex_detail, id_tool) VALUES (43, 275, 275);
INSERT INTO public.tool_entity (id_tool, type_tool_id_type_tool, state) VALUES (276, 43, 'AVAILABLE');
INSERT INTO public.kardex_detail_entity (id_kardex, id_kardex_detail, id_tool) VALUES (43, 276, 276);
INSERT INTO public.tool_entity (id_tool, type_tool_id_type_tool, state) VALUES (277, 43, 'AVAILABLE');
INSERT INTO public.kardex_detail_entity (id_kardex, id_kardex_detail, id_tool) VALUES (43, 277, 277);
INSERT INTO public.tool_entity (id_tool, type_tool_id_type_tool, state) VALUES (278, 43, 'AVAILABLE');
INSERT INTO public.kardex_detail_entity (id_kardex, id_kardex_detail, id_tool) VALUES (43, 278, 278);
INSERT INTO public.type_tool_entity (daily_rate, debt_rate, replacement_value, stock, id_type_tool, category, name) VALUES (10000, 4000, 60000, 5, 44, 'Manual', 'Carretilla');
INSERT INTO public.kardex_entity (quantity, date, id_kardex, loan_id, user_id, type_move) VALUES (5, '2024-03-03 09:40:25.968045', 44, NULL, NULL, 'TOOL_REGISTER');
INSERT INTO public.tool_entity (id_tool, type_tool_id_type_tool, state) VALUES (279, 44, 'AVAILABLE');
INSERT INTO public.kardex_detail_entity (id_kardex, id_kardex_detail, id_tool) VALUES (44, 279, 279);
INSERT INTO public.tool_entity (id_tool, type_tool_id_type_tool, state) VALUES (280, 44, 'AVAILABLE');
INSERT INTO public.kardex_detail_entity (id_kardex, id_kardex_detail, id_tool) VALUES (44, 280, 280);
INSERT INTO public.tool_entity (id_tool, type_tool_id_type_tool, state) VALUES (281, 44, 'AVAILABLE');
INSERT INTO public.kardex_detail_entity (id_kardex, id_kardex_detail, id_tool) VALUES (44, 281, 281);
INSERT INTO public.tool_entity (id_tool, type_tool_id_type_tool, state) VALUES (282, 44, 'AVAILABLE');
INSERT INTO public.kardex_detail_entity (id_kardex, id_kardex_detail, id_tool) VALUES (44, 282, 282);
INSERT INTO public.tool_entity (id_tool, type_tool_id_type_tool, state) VALUES (283, 44, 'AVAILABLE');
INSERT INTO public.kardex_detail_entity (id_kardex, id_kardex_detail, id_tool) VALUES (44, 283, 283);
INSERT INTO public.type_tool_entity (daily_rate, debt_rate, replacement_value, stock, id_type_tool, category, name) VALUES (12000, 5000, 75000, 7, 45, 'Medición', 'Pinza Amperimétrica');
INSERT INTO public.kardex_entity (quantity, date, id_kardex, loan_id, user_id, type_move) VALUES (7, '2024-03-03 09:40:25.968054', 45, NULL, NULL, 'TOOL_REGISTER');
INSERT INTO public.tool_entity (id_tool, type_tool_id_type_tool, state) VALUES (284, 45, 'AVAILABLE');
INSERT INTO public.kardex_detail_entity (id_kardex, id_kardex_detail, id_tool) VALUES (45, 284, 284);
INSERT INTO public.tool_entity (id_tool, type_tool_id_type_tool, state) VALUES (285, 45, 'AVAILABLE');
INSERT INTO public.kardex_detail_entity (id_kardex, id_kardex_detail, id_tool) VALUES (45, 285, 285);
INSERT INTO public.tool_entity (id_tool, type_tool_id_type_tool, state) VALUES (286, 45, 'AVAILABLE');
INSERT INTO public.kardex_detail_entity (id_kardex, id_kardex_detail, id_tool) VALUES (45, 286, 286);
INSERT INTO public.tool_entity (id_tool, type_tool_id_type_tool, state) VALUES (287, 45, 'AVAILABLE');
INSERT INTO public.kardex_detail_entity (id_kardex, id_kardex_detail, id_tool) VALUES (45, 287, 287);
INSERT INTO public.tool_entity (id_tool, type_tool_id_type_tool, state) VALUES (288, 45, 'AVAILABLE');
INSERT INTO public.kardex_detail_entity (id_kardex, id_kardex_detail, id_tool) VALUES (45, 288, 288);
INSERT INTO public.tool_entity (id_tool, type_tool_id_type_tool, state) VALUES (289, 45, 'AVAILABLE');
INSERT INTO public.kardex_detail_entity (id_kardex, id_kardex_detail, id_tool) VALUES (45, 289, 289);
INSERT INTO public.tool_entity (id_tool, type_tool_id_type_tool, state) VALUES (290, 45, 'AVAILABLE');
INSERT INTO public.kardex_detail_entity (id_kardex, id_kardex_detail, id_tool) VALUES (45, 290, 290);
INSERT INTO public.type_tool_entity (daily_rate, debt_rate, replacement_value, stock, id_type_tool, category, name) VALUES (13000, 5000, 85000, 6, 46, 'Manual', 'Escalera Tijera');
INSERT INTO public.kardex_entity (quantity, date, id_kardex, loan_id, user_id, type_move) VALUES (6, '2024-03-03 09:40:25.968064', 46, NULL, NULL, 'TOOL_REGISTER');
INSERT INTO public.tool_entity (id_tool, type_tool_id_type_tool, state) VALUES (291, 46, 'AVAILABLE');
INSERT INTO public.kardex_detail_entity (id_kardex, id_kardex_detail, id_tool) VALUES (46, 291, 291);
INSERT INTO public.tool_entity (id_tool, type_tool_id_type_tool, state) VALUES (292, 46, 'AVAILABLE');
INSERT INTO public.kardex_detail_entity (id_kardex, id_kardex_detail, id_tool) VALUES (46, 292, 292);
INSERT INTO public.tool_entity (id_tool, type_tool_id_type_tool, state) VALUES (293, 46, 'AVAILABLE');
INSERT INTO public.kardex_detail_entity (id_kardex, id_kardex_detail, id_tool) VALUES (46, 293, 293);
INSERT INTO public.tool_entity (id_tool, type_tool_id_type_tool, state) VALUES (294, 46, 'AVAILABLE');
INSERT INTO public.kardex_detail_entity (id_kardex, id_kardex_detail, id_tool) VALUES (46, 294, 294);
INSERT INTO public.tool_entity (id_tool, type_tool_id_type_tool, state) VALUES (295, 46, 'AVAILABLE');
INSERT INTO public.kardex_detail_entity (id_kardex, id_kardex_detail, id_tool) VALUES (46, 295, 295);
INSERT INTO public.tool_entity (id_tool, type_tool_id_type_tool, state) VALUES (296, 46, 'AVAILABLE');
INSERT INTO public.kardex_detail_entity (id_kardex, id_kardex_detail, id_tool) VALUES (46, 296, 296);
INSERT INTO public.type_tool_entity (daily_rate, debt_rate, replacement_value, stock, id_type_tool, category, name) VALUES (18000, 7000, 120000, 8, 47, 'Construcción', 'Pistola de Pintura');
INSERT INTO public.kardex_entity (quantity, date, id_kardex, loan_id, user_id, type_move) VALUES (8, '2024-03-03 09:40:25.968073', 47, NULL, NULL, 'TOOL_REGISTER');
INSERT INTO public.tool_entity (id_tool, type_tool_id_type_tool, state) VALUES (297, 47, 'AVAILABLE');
INSERT INTO public.kardex_detail_entity (id_kardex, id_kardex_detail, id_tool) VALUES (47, 297, 297);
INSERT INTO public.tool_entity (id_tool, type_tool_id_type_tool, state) VALUES (298, 47, 'AVAILABLE');
INSERT INTO public.kardex_detail_entity (id_kardex, id_kardex_detail, id_tool) VALUES (47, 298, 298);
INSERT INTO public.tool_entity (id_tool, type_tool_id_type_tool, state) VALUES (299, 47, 'AVAILABLE');
INSERT INTO public.kardex_detail_entity (id_kardex, id_kardex_detail, id_tool) VALUES (47, 299, 299);
INSERT INTO public.tool_entity (id_tool, type_tool_id_type_tool, state) VALUES (300, 47, 'AVAILABLE');
INSERT INTO public.kardex_detail_entity (id_kardex, id_kardex_detail, id_tool) VALUES (47, 300, 300);
INSERT INTO public.tool_entity (id_tool, type_tool_id_type_tool, state) VALUES (301, 47, 'AVAILABLE');
INSERT INTO public.kardex_detail_entity (id_kardex, id_kardex_detail, id_tool) VALUES (47, 301, 301);
INSERT INTO public.tool_entity (id_tool, type_tool_id_type_tool, state) VALUES (302, 47, 'AVAILABLE');
INSERT INTO public.kardex_detail_entity (id_kardex, id_kardex_detail, id_tool) VALUES (47, 302, 302);
INSERT INTO public.tool_entity (id_tool, type_tool_id_type_tool, state) VALUES (303, 47, 'AVAILABLE');
INSERT INTO public.kardex_detail_entity (id_kardex, id_kardex_detail, id_tool) VALUES (47, 303, 303);
INSERT INTO public.tool_entity (id_tool, type_tool_id_type_tool, state) VALUES (304, 47, 'AVAILABLE');
INSERT INTO public.kardex_detail_entity (id_kardex, id_kardex_detail, id_tool) VALUES (47, 304, 304);
INSERT INTO public.type_tool_entity (daily_rate, debt_rate, replacement_value, stock, id_type_tool, category, name) VALUES (70000, 30000, 500000, 6, 48, 'Eléctrica', 'Cortadora Plasma');
INSERT INTO public.kardex_entity (quantity, date, id_kardex, loan_id, user_id, type_move) VALUES (6, '2024-03-03 09:40:25.968085', 48, NULL, NULL, 'TOOL_REGISTER');
INSERT INTO public.tool_entity (id_tool, type_tool_id_type_tool, state) VALUES (305, 48, 'AVAILABLE');
INSERT INTO public.kardex_detail_entity (id_kardex, id_kardex_detail, id_tool) VALUES (48, 305, 305);
INSERT INTO public.tool_entity (id_tool, type_tool_id_type_tool, state) VALUES (306, 48, 'AVAILABLE');
INSERT INTO public.kardex_detail_entity (id_kardex, id_kardex_detail, id_tool) VALUES (48, 306, 306);
INSERT INTO public.tool_entity (id_tool, type_tool_id_type_tool, state) VALUES (307, 48, 'AVAILABLE');
INSERT INTO public.kardex_detail_entity (id_kardex, id_kardex_detail, id_tool) VALUES (48, 307, 307);
INSERT INTO public.tool_entity (id_tool, type_tool_id_type_tool, state) VALUES (308, 48, 'AVAILABLE');
INSERT INTO public.kardex_detail_entity (id_kardex, id_kardex_detail, id_tool) VALUES (48, 308, 308);
INSERT INTO public.tool_entity (id_tool, type_tool_id_type_tool, state) VALUES (309, 48, 'AVAILABLE');
INSERT INTO public.kardex_detail_entity (id_kardex, id_kardex_detail, id_tool) VALUES (48, 309, 309);
INSERT INTO public.tool_entity (id_tool, type_tool_id_type_tool, state) VALUES (310, 48, 'AVAILABLE');
INSERT INTO public.kardex_detail_entity (id_kardex, id_kardex_detail, id_tool) VALUES (48, 310, 310);
INSERT INTO public.type_tool_entity (daily_rate, debt_rate, replacement_value, stock, id_type_tool, category, name) VALUES (65000, 25000, 450000, 6, 49, 'Jardinería', 'Barrenadora');
INSERT INTO public.kardex_entity (quantity, date, id_kardex, loan_id, user_id, type_move) VALUES (6, '2024-03-03 09:40:25.968094', 49, NULL, NULL, 'TOOL_REGISTER');
INSERT INTO public.tool_entity (id_tool, type_tool_id_type_tool, state) VALUES (311, 49, 'AVAILABLE');
INSERT INTO public.kardex_detail_entity (id_kardex, id_kardex_detail, id_tool) VALUES (49, 311, 311);
INSERT INTO public.tool_entity (id_tool, type_tool_id_type_tool, state) VALUES (312, 49, 'AVAILABLE');
INSERT INTO public.kardex_detail_entity (id_kardex, id_kardex_detail, id_tool) VALUES (49, 312, 312);
INSERT INTO public.tool_entity (id_tool, type_tool_id_type_tool, state) VALUES (313, 49, 'AVAILABLE');
INSERT INTO public.kardex_detail_entity (id_kardex, id_kardex_detail, id_tool) VALUES (49, 313, 313);
INSERT INTO public.tool_entity (id_tool, type_tool_id_type_tool, state) VALUES (314, 49, 'AVAILABLE');
INSERT INTO public.kardex_detail_entity (id_kardex, id_kardex_detail, id_tool) VALUES (49, 314, 314);
INSERT INTO public.tool_entity (id_tool, type_tool_id_type_tool, state) VALUES (315, 49, 'AVAILABLE');
INSERT INTO public.kardex_detail_entity (id_kardex, id_kardex_detail, id_tool) VALUES (49, 315, 315);
INSERT INTO public.tool_entity (id_tool, type_tool_id_type_tool, state) VALUES (316, 49, 'AVAILABLE');
INSERT INTO public.kardex_detail_entity (id_kardex, id_kardex_detail, id_tool) VALUES (49, 316, 316);
INSERT INTO public.type_tool_entity (daily_rate, debt_rate, replacement_value, stock, id_type_tool, category, name) VALUES (130000, 55000, 900000, 8, 50, 'Maquinaria', 'Torre de Iluminación');
INSERT INTO public.kardex_entity (quantity, date, id_kardex, loan_id, user_id, type_move) VALUES (8, '2024-03-03 09:40:25.968103', 50, NULL, NULL, 'TOOL_REGISTER');
INSERT INTO public.tool_entity (id_tool, type_tool_id_type_tool, state) VALUES (317, 50, 'AVAILABLE');
INSERT INTO public.kardex_detail_entity (id_kardex, id_kardex_detail, id_tool) VALUES (50, 317, 317);
INSERT INTO public.tool_entity (id_tool, type_tool_id_type_tool, state) VALUES (318, 50, 'AVAILABLE');
INSERT INTO public.kardex_detail_entity (id_kardex, id_kardex_detail, id_tool) VALUES (50, 318, 318);
INSERT INTO public.tool_entity (id_tool, type_tool_id_type_tool, state) VALUES (319, 50, 'AVAILABLE');
INSERT INTO public.kardex_detail_entity (id_kardex, id_kardex_detail, id_tool) VALUES (50, 319, 319);
INSERT INTO public.tool_entity (id_tool, type_tool_id_type_tool, state) VALUES (320, 50, 'AVAILABLE');
INSERT INTO public.kardex_detail_entity (id_kardex, id_kardex_detail, id_tool) VALUES (50, 320, 320);
INSERT INTO public.tool_entity (id_tool, type_tool_id_type_tool, state) VALUES (321, 50, 'AVAILABLE');
INSERT INTO public.kardex_detail_entity (id_kardex, id_kardex_detail, id_tool) VALUES (50, 321, 321);
INSERT INTO public.tool_entity (id_tool, type_tool_id_type_tool, state) VALUES (322, 50, 'AVAILABLE');
INSERT INTO public.kardex_detail_entity (id_kardex, id_kardex_detail, id_tool) VALUES (50, 322, 322);
INSERT INTO public.tool_entity (id_tool, type_tool_id_type_tool, state) VALUES (323, 50, 'AVAILABLE');
INSERT INTO public.kardex_detail_entity (id_kardex, id_kardex_detail, id_tool) VALUES (50, 323, 323);
INSERT INTO public.tool_entity (id_tool, type_tool_id_type_tool, state) VALUES (324, 50, 'AVAILABLE');
INSERT INTO public.kardex_detail_entity (id_kardex, id_kardex_detail, id_tool) VALUES (50, 324, 324);

-- Resetear autoincrement para evitar conflictos de clave duplicada al insertar nuevos registros
ALTER TABLE user_entity ALTER COLUMN id_user RESTART WITH 1;
ALTER TABLE customer_entity ALTER COLUMN id_customer RESTART WITH 51;
ALTER TABLE type_tool_entity ALTER COLUMN id_type_tool RESTART WITH 51;
ALTER TABLE kardex_entity ALTER COLUMN id_kardex RESTART WITH 51;
ALTER TABLE tool_entity ALTER COLUMN id_tool RESTART WITH 325;
ALTER TABLE kardex_detail_entity ALTER COLUMN id_kardex_detail RESTART WITH 325;
